period,limit,tp_natr_coef,sl_natr_coef,cumulative_threshold,change_threshold,tolerance,num_bin,price_index,strategy,profit,expired,# win,# lose,amount_trades,performance
15m,500,1.0,1.0,0.1,0.005,6,40,high,wa,0.0467963934298009,1,3,0,4,2.467963934298009
15m,500,1.0,0.5,0.1,0.005,6,40,high,wa,0.0467963934298009,1,3,0,4,2.467963934298009
15m,500,1.0,1.0,0.1,0.005,6,30,high,wa,0.0467963934298007,1,3,0,4,2.467963934298007
15m,500,1.0,0.5,0.1,0.005,6,30,high,wa,0.0467963934298007,1,3,0,4,2.467963934298007
15m,500,2.0,0.5,0.1,0.005,6,30,high,wa,0.0620134956845488,1,2,1,4,2.2868016235121544
15m,500,2.0,0.5,0.1,0.005,6,40,high,wa,0.0620134956845486,1,2,1,4,2.2868016235121527
15m,500,0.5,1.0,0.1,0.005,6,40,low,wa,0.02827837854467,1,3,0,4,2.2827837854467
15m,500,0.5,1.0,0.1,0.005,5,40,low,wa,0.02827837854467,1,3,0,4,2.2827837854467
15m,500,0.5,1.0,0.1,0.005,6,30,low,wa,0.0282783785446697,1,3,0,4,2.2827837854466972
15m,500,0.5,1.0,0.1,0.005,5,30,low,wa,0.0282783785446696,1,3,0,4,2.282783785446696
15m,500,0.5,0.5,0.1,0.005,6,30,high,wa,0.0233981967149001,1,3,0,4,2.233981967149001
15m,500,0.5,1.0,0.1,0.005,6,30,high,wa,0.0233981967149001,1,3,0,4,2.233981967149001
15m,500,0.5,0.5,0.1,0.005,6,40,high,wa,0.0233981967149,1,3,0,4,2.233981967149
15m,500,0.5,1.0,0.1,0.005,6,40,high,wa,0.0233981967149,1,3,0,4,2.233981967149
15m,500,2.0,1.0,0.1,0.005,6,30,high,wa,0.0556976374495382,1,2,1,4,2.2236430411620485
15m,500,2.0,1.0,0.1,0.005,6,40,high,wa,0.0556976374495379,1,2,1,4,2.223643041162046
15m,500,0.5,1.0,0.1,0.005,4,30,low,wa,0.0180807682912575,1,2,0,3,1.930807682912575
15m,500,0.5,1.0,0.1,0.005,4,40,low,wa,0.0180807682912575,1,2,0,3,1.930807682912575
15m,500,0.5,1.0,0.1,0.005,5,40,low,poc,0.0152678653597176,0,3,1,4,1.902678653597176
15m,500,0.5,1.0,0.1,0.005,6,40,low,poc,0.0152678653597176,0,3,1,4,1.902678653597176
15m,500,0.5,1.0,0.1,0.005,6,30,low,poc,0.0152678653597175,0,3,1,4,1.902678653597175
15m,500,0.5,1.0,0.1,0.005,5,30,low,poc,0.0152678653597175,0,3,1,4,1.902678653597175
15m,500,1.0,0.25,0.1,0.005,5,30,high,wa,0.0228448296605075,1,2,1,4,1.8951149632717414
15m,500,1.0,0.25,0.1,0.005,6,30,high,wa,0.0228448296605074,1,2,1,4,1.8951149632717406
15m,500,0.5,0.25,0.1,0.005,6,40,low,wa,0.0184305563200181,1,2,1,4,1.8509722298668474
15m,500,1.0,0.5,0.1,0.005,5,40,high,wa,0.0180545169066489,1,2,1,4,1.8472118357331557
15m,500,1.0,0.5,0.1,0.005,5,30,high,wa,0.0180545169066487,1,2,1,4,1.8472118357331535
15m,500,0.5,0.5,0.1,0.005,6,40,low,wa,0.0151479489118007,1,2,1,4,1.8181461557846736
15m,500,2.0,1.0,0.1,0.005,5,40,low,poc,0.0313694294885402,0,2,2,4,1.813694294885402
15m,500,2.0,1.0,0.1,0.005,6,30,low,poc,0.0313694294885401,0,2,2,4,1.813694294885401
15m,500,2.0,1.0,0.1,0.005,5,30,low,poc,0.0313694294885401,0,2,2,4,1.813694294885401
15m,500,2.0,1.0,0.1,0.005,6,40,low,poc,0.03136942948854,0,2,2,4,1.8136942948854
15m,500,1.0,1.0,0.1,0.005,4,40,high,wa,0.0276351424143662,0,2,0,2,1.776351424143662
15m,500,1.0,0.5,0.1,0.005,4,40,high,wa,0.0276351424143662,0,2,0,2,1.776351424143662
15m,500,1.0,0.25,0.1,0.005,4,30,high,wa,0.0276351424143661,0,2,0,2,1.776351424143661
15m,500,1.0,1.0,0.1,0.005,4,30,high,wa,0.0276351424143661,0,2,0,2,1.776351424143661
15m,500,1.0,0.5,0.1,0.005,4,30,high,wa,0.0276351424143661,0,2,0,2,1.776351424143661
15m,500,0.5,0.25,0.1,0.005,5,30,high,wa,0.0090272584533242,1,2,1,4,1.7569392511999085
15m,500,0.5,0.25,0.1,0.005,6,30,high,wa,0.0090272584533242,1,2,1,4,1.7569392511999085
15m,500,1.0,1.0,0.1,0.005,5,30,high,wa,0.0084738913989315,1,2,1,4,1.7514055806559816
15m,500,1.0,1.0,0.1,0.005,5,40,high,wa,0.0084738913989315,1,2,1,4,1.7514055806559816
15m,500,0.5,0.5,0.1,0.005,5,40,high,wa,0.0042369456994655,1,2,1,4,1.7090361236613214
15m,500,0.5,0.5,0.1,0.005,5,30,high,wa,0.0042369456994654,1,2,1,4,1.7090361236613205
15m,500,0.5,0.25,0.1,0.005,5,30,low,poc,0.0150879906878422,0,2,2,4,1.650879906878422
15m,500,0.5,0.25,0.1,0.005,6,30,low,poc,0.0150879906878422,0,2,2,4,1.650879906878422
15m,500,2.0,0.25,0.1,0.005,6,40,low,wa,0.0317500568680206,1,1,2,4,1.6508339020135392
15m,500,1.0,1.0,0.1,0.005,4,30,low,poc,0.02327093984548,0,2,1,3,1.6493760651214666
15m,500,0.5,0.25,0.1,0.005,4,30,high,wa,0.0138175712071828,0,2,0,2,1.638175712071828
15m,500,0.5,1.0,0.1,0.005,4,40,high,wa,0.0138175712071828,0,2,0,2,1.638175712071828
15m,500,0.5,0.5,0.1,0.005,4,40,high,wa,0.0138175712071828,0,2,0,2,1.638175712071828
15m,500,0.5,0.5,0.1,0.005,4,30,high,wa,0.0138175712071828,0,2,0,2,1.638175712071828
15m,500,0.5,1.0,0.1,0.005,4,30,high,wa,0.0138175712071828,0,2,0,2,1.638175712071828
15m,500,0.5,1.0,0.1,0.005,5,30,high,wa,-0.0053436798082517,1,2,1,4,1.6132298685841495
15m,500,0.5,1.0,0.1,0.005,5,40,high,wa,-0.0053436798082518,1,2,1,4,1.6132298685841486
15m,500,0.5,0.5,0.1,0.005,6,40,low,poc,0.0084628176474494,0,2,2,4,1.584628176474494
15m,500,0.5,0.5,0.1,0.005,5,40,low,poc,0.0084628176474494,0,2,2,4,1.584628176474494
15m,500,0.5,0.5,0.1,0.005,6,30,low,poc,0.0084628176474493,0,2,2,4,1.584628176474493
15m,500,0.5,0.5,0.1,0.005,5,30,low,poc,0.0084628176474493,0,2,2,4,1.584628176474493
15m,500,2.0,0.5,0.1,0.005,6,40,low,wa,0.0227096727223917,1,1,2,4,1.5604300605572503
15m,500,2.0,0.25,0.1,0.005,5,30,high,wa,0.0220586100173262,1,1,2,4,1.5539194335065953
15m,500,2.0,0.25,0.1,0.005,6,30,high,wa,0.0220586100173262,1,1,2,4,1.5539194335065953
15m,500,2.0,0.25,0.1,0.005,5,40,high,wa,0.022058610017326,1,1,2,4,1.5539194335065933
15m,500,2.0,0.25,0.1,0.005,6,40,high,wa,0.022058610017326,1,1,2,4,1.5539194335065933
15m,500,2.0,0.25,0.1,0.005,3,30,high,wa,0.03000685188869,0,1,0,1,1.5500685188869001
15m,500,2.0,0.25,0.1,0.005,2,30,high,wa,0.03000685188869,0,1,0,1,1.5500685188869001
15m,500,2.0,0.5,0.1,0.005,2,30,high,wa,0.03000685188869,0,1,0,1,1.5500685188869001
15m,500,2.0,0.5,0.1,0.005,3,30,high,wa,0.03000685188869,0,1,0,1,1.5500685188869001
15m,500,2.0,1.0,0.1,0.005,3,30,high,wa,0.03000685188869,0,1,0,1,1.5500685188869001
15m,500,2.0,1.0,0.1,0.005,2,30,high,wa,0.03000685188869,0,1,0,1,1.5500685188869001
15m,500,2.0,0.5,0.1,0.005,2,40,high,wa,0.0300068518886899,0,1,0,1,1.550068518886899
15m,500,2.0,1.0,0.1,0.005,3,40,high,wa,0.0300068518886899,0,1,0,1,1.550068518886899
15m,500,2.0,0.5,0.1,0.005,3,40,high,wa,0.0300068518886899,0,1,0,1,1.550068518886899
15m,500,2.0,0.25,0.1,0.005,2,40,high,wa,0.0300068518886899,0,1,0,1,1.550068518886899
15m,500,2.0,1.0,0.1,0.005,2,40,high,wa,0.0300068518886899,0,1,0,1,1.550068518886899
15m,500,2.0,0.25,0.1,0.005,3,40,high,wa,0.0300068518886899,0,1,0,1,1.550068518886899
15m,500,2.0,1.0,0.1,0.005,2,30,low,poc,0.0251363840372203,0,1,0,1,1.501363840372203
15m,500,2.0,0.5,0.1,0.005,2,30,low,poc,0.0251363840372203,0,1,0,1,1.501363840372203
15m,500,1.0,0.25,0.1,0.01,6,30,low,poc,0.0230311069496462,0,1,0,1,1.480311069496462
15m,500,1.0,0.5,0.1,0.01,6,30,low,poc,0.0230311069496462,0,1,0,1,1.480311069496462
15m,500,1.0,1.0,0.1,0.01,6,30,low,poc,0.0230311069496462,0,1,0,1,1.480311069496462
15m,500,0.5,0.5,0.1,0.005,5,30,high,poc,-0.0021106747612502,0,2,2,4,1.478893252387498
15m,500,0.5,0.5,0.1,0.005,5,40,high,poc,-0.0021106747612504,0,2,2,4,1.478893252387496
15m,500,1.0,1.0,0.1,0.005,5,40,low,poc,-0.0023960535469876,0,2,2,4,1.476039464530124
15m,500,1.0,1.0,0.1,0.005,6,40,low,poc,-0.0023960535469876,0,2,2,4,1.476039464530124
15m,500,1.0,1.0,0.1,0.005,5,30,low,poc,-0.0023960535469877,0,2,2,4,1.476039464530123
15m,500,1.0,1.0,0.1,0.005,6,30,low,poc,-0.0023960535469878,0,2,2,4,1.476039464530122
15m,500,2.0,0.5,0.1,0.005,5,40,high,wa,0.0141103681459621,1,1,2,4,1.4744370147929542
15m,500,2.0,0.5,0.1,0.005,5,30,high,wa,0.0141103681459621,1,1,2,4,1.4744370147929542
15m,500,0.5,1.0,0.1,0.005,4,30,low,poc,0.0050702551063053,0,2,1,3,1.4673692177297197
15m,500,0.5,1.0,0.1,0.005,4,40,low,poc,0.0050702551063053,0,2,1,3,1.4673692177297197
15m,500,1.0,0.25,0.1,0.005,6,40,low,wa,0.0113548363611959,1,1,2,4,1.4468816969452922
15m,500,2.0,0.5,0.1,0.005,6,30,low,poc,0.0160245414580404,0,1,3,4,1.410245414580404
15m,500,2.0,0.5,0.1,0.005,5,40,low,poc,0.0160245414580404,0,1,3,4,1.410245414580404
15m,500,2.0,0.5,0.1,0.005,5,30,low,poc,0.0160245414580403,0,1,3,4,1.410245414580403
15m,500,2.0,0.5,0.1,0.005,6,40,low,poc,0.0160245414580402,0,1,3,4,1.410245414580402
15m,500,1.0,0.25,0.1,0.005,5,40,high,wa,0.0070551840729811,1,1,2,4,1.4038851740631442
15m,500,1.0,0.25,0.1,0.005,6,40,high,wa,0.0070551840729811,1,1,2,4,1.4038851740631442
15m,500,1.0,0.25,0.1,0.005,3,40,high,wa,0.015003425944345,0,1,0,1,1.40003425944345
15m,500,1.0,1.0,0.1,0.005,2,40,high,wa,0.015003425944345,0,1,0,1,1.40003425944345
15m,500,1.0,0.5,0.1,0.005,3,40,high,wa,0.015003425944345,0,1,0,1,1.40003425944345
15m,500,1.0,0.25,0.1,0.005,2,40,high,wa,0.015003425944345,0,1,0,1,1.40003425944345
15m,500,1.0,0.5,0.1,0.005,2,40,high,wa,0.015003425944345,0,1,0,1,1.40003425944345
15m,500,1.0,1.0,0.1,0.005,3,40,high,wa,0.015003425944345,0,1,0,1,1.40003425944345
15m,500,1.0,1.0,0.1,0.005,3,30,high,wa,0.0150034259443449,0,1,0,1,1.400034259443449
15m,500,1.0,0.5,0.1,0.005,3,30,high,wa,0.0150034259443449,0,1,0,1,1.400034259443449
15m,500,1.0,0.5,0.1,0.005,2,30,high,wa,0.0150034259443449,0,1,0,1,1.400034259443449
15m,500,1.0,0.25,0.1,0.005,3,30,high,wa,0.0150034259443449,0,1,0,1,1.400034259443449
15m,500,1.0,0.25,0.1,0.005,2,30,high,wa,0.0150034259443449,0,1,0,1,1.400034259443449
15m,500,1.0,1.0,0.1,0.005,2,30,high,wa,0.0150034259443449,0,1,0,1,1.400034259443449
15m,500,2.0,0.25,0.1,0.005,5,30,high,poc,0.0134372856797701,0,1,3,4,1.384372856797701
15m,500,2.0,1.0,0.1,0.005,6,40,low,wa,0.004628904431134,1,1,2,4,1.3796223776446732
15m,500,2.0,1.0,0.1,0.005,5,40,low,wa,0.004628904431134,1,1,2,4,1.3796223776446732
15m,500,2.0,1.0,0.1,0.005,5,30,low,wa,0.004628904431134,1,1,2,4,1.3796223776446732
15m,500,2.0,1.0,0.1,0.005,6,30,low,wa,0.004628904431134,1,1,2,4,1.3796223776446732
15m,500,1.0,1.0,0.1,0.01,6,40,high,wa,0.0126317164700212,0,1,0,1,1.376317164700212
15m,500,1.0,0.5,0.1,0.01,5,40,high,wa,0.0126317164700212,0,1,0,1,1.376317164700212
15m,500,1.0,1.0,0.1,0.01,4,40,high,wa,0.0126317164700212,0,1,0,1,1.376317164700212
15m,500,1.0,0.5,0.1,0.01,4,40,high,wa,0.0126317164700212,0,1,0,1,1.376317164700212
15m,500,1.0,1.0,0.1,0.01,5,40,high,wa,0.0126317164700212,0,1,0,1,1.376317164700212
15m,500,1.0,0.5,0.1,0.01,6,40,high,wa,0.0126317164700212,0,1,0,1,1.376317164700212
15m,500,1.0,0.25,0.1,0.01,4,30,high,wa,0.0126317164700211,0,1,0,1,1.376317164700211
15m,500,1.0,0.5,0.1,0.01,6,30,high,wa,0.0126317164700211,0,1,0,1,1.376317164700211
15m,500,1.0,1.0,0.1,0.01,4,30,high,wa,0.0126317164700211,0,1,0,1,1.376317164700211
15m,500,1.0,0.5,0.1,0.01,4,30,high,wa,0.0126317164700211,0,1,0,1,1.376317164700211
15m,500,1.0,0.5,0.1,0.01,5,30,high,wa,0.0126317164700211,0,1,0,1,1.376317164700211
15m,500,1.0,0.25,0.1,0.01,5,30,high,wa,0.0126317164700211,0,1,0,1,1.376317164700211
15m,500,1.0,1.0,0.1,0.01,5,30,high,wa,0.0126317164700211,0,1,0,1,1.376317164700211
15m,500,1.0,1.0,0.1,0.01,6,30,high,wa,0.0126317164700211,0,1,0,1,1.376317164700211
15m,500,1.0,0.25,0.1,0.01,6,30,high,wa,0.0126317164700211,0,1,0,1,1.376317164700211
15m,500,1.0,1.0,0.1,0.005,2,30,low,poc,0.0125681920186102,0,1,0,1,1.3756819201861021
15m,500,1.0,0.5,0.1,0.005,2,30,low,poc,0.0125681920186102,0,1,0,1,1.3756819201861021
15m,500,1.0,0.25,0.1,0.005,2,30,low,poc,0.0125681920186102,0,1,0,1,1.3756819201861021
15m,500,0.5,1.0,0.1,0.01,6,40,low,poc,0.0115155534748231,0,1,0,1,1.3651555347482311
15m,500,0.5,0.5,0.1,0.01,6,30,low,wa,0.011515553474823,0,1,0,1,1.36515553474823
15m,500,0.5,0.5,0.1,0.01,6,30,low,poc,0.011515553474823,0,1,0,1,1.36515553474823
15m,500,0.5,1.0,0.1,0.01,6,30,low,wa,0.011515553474823,0,1,0,1,1.36515553474823
15m,500,0.5,0.25,0.1,0.01,6,30,low,poc,0.011515553474823,0,1,0,1,1.36515553474823
15m,500,0.5,1.0,0.1,0.01,6,30,low,poc,0.011515553474823,0,1,0,1,1.36515553474823
15m,500,0.5,0.25,0.1,0.01,6,30,low,wa,0.011515553474823,0,1,0,1,1.36515553474823
15m,500,0.5,0.5,0.1,0.01,6,40,low,wa,0.0115155534748229,0,1,0,1,1.365155534748229
15m,500,0.5,1.0,0.1,0.01,6,40,low,wa,0.0115155534748229,0,1,0,1,1.365155534748229
15m,500,0.5,0.25,0.1,0.005,5,40,low,wa,0.0031341409398996,1,1,2,4,1.3646747427323294
15m,500,0.5,0.25,0.1,0.005,6,30,low,wa,0.0031341409398996,1,1,2,4,1.3646747427323294
15m,500,0.5,0.25,0.1,0.005,5,30,low,wa,0.0031341409398995,1,1,2,4,1.3646747427323282
15m,500,1.0,0.5,0.1,0.005,6,40,low,wa,0.0023144522155669,1,1,2,4,1.3564778554890022
15m,500,0.5,0.25,0.1,0.005,4,30,low,wa,0.0082329460666058,1,1,1,3,1.332329460666058
15m,500,0.5,0.25,0.1,0.005,5,40,high,wa,-0.0004465288991914,1,1,2,4,1.3288680443414194
15m,500,0.5,0.25,0.1,0.005,6,40,high,wa,-0.0004465288991915,1,1,2,4,1.3288680443414183
15m,500,0.5,1.0,0.1,0.005,3,30,high,poc,0.0075017129721724,0,1,0,1,1.325017129721724
15m,500,0.5,1.0,0.1,0.005,2,30,high,poc,0.0075017129721724,0,1,0,1,1.325017129721724
15m,500,0.5,0.5,0.1,0.005,2,30,high,poc,0.0075017129721724,0,1,0,1,1.325017129721724
15m,500,0.5,0.5,0.1,0.005,3,30,high,poc,0.0075017129721724,0,1,0,1,1.325017129721724
15m,500,0.5,1.0,0.1,0.005,3,40,high,wa,0.0075017129721723,0,1,0,1,1.325017129721723
15m,500,0.5,1.0,0.1,0.005,3,30,high,wa,0.0075017129721723,0,1,0,1,1.325017129721723
15m,500,0.5,0.5,0.1,0.005,3,40,high,poc,0.0075017129721723,0,1,0,1,1.325017129721723
15m,500,0.5,0.25,0.1,0.005,2,40,high,wa,0.0075017129721723,0,1,0,1,1.325017129721723
15m,500,0.5,1.0,0.1,0.005,3,40,high,poc,0.0075017129721723,0,1,0,1,1.325017129721723
15m,500,0.5,0.5,0.1,0.005,2,30,high,wa,0.0075017129721723,0,1,0,1,1.325017129721723
15m,500,0.5,0.5,0.1,0.005,3,40,high,wa,0.0075017129721723,0,1,0,1,1.325017129721723
15m,500,0.5,0.25,0.1,0.005,2,30,high,wa,0.0075017129721723,0,1,0,1,1.325017129721723
15m,500,0.5,0.25,0.1,0.005,3,40,high,wa,0.0075017129721723,0,1,0,1,1.325017129721723
15m,500,0.5,0.5,0.1,0.005,2,40,high,poc,0.0075017129721723,0,1,0,1,1.325017129721723
15m,500,0.5,1.0,0.1,0.005,2,30,high,wa,0.0075017129721723,0,1,0,1,1.325017129721723
15m,500,0.5,1.0,0.1,0.005,2,40,high,wa,0.0075017129721723,0,1,0,1,1.325017129721723
15m,500,0.5,1.0,0.1,0.005,2,40,high,poc,0.0075017129721723,0,1,0,1,1.325017129721723
15m,500,0.5,0.25,0.1,0.005,3,30,high,wa,0.0075017129721723,0,1,0,1,1.325017129721723
15m,500,0.5,0.5,0.1,0.005,3,30,high,wa,0.0075017129721723,0,1,0,1,1.325017129721723
15m,500,0.5,0.5,0.1,0.005,2,40,high,wa,0.0075017129721723,0,1,0,1,1.325017129721723
15m,500,0.5,1.0,0.1,0.005,5,40,high,poc,-0.0180071585039782,0,2,2,4,1.319928414960218
15m,500,0.5,1.0,0.1,0.005,5,30,high,poc,-0.0180071585039782,0,2,2,4,1.319928414960218
15m,500,0.5,1.0,0.1,0.005,3,40,low,wa,0.0065652148164346,0,1,0,1,1.315652148164346
15m,500,0.5,1.0,0.1,0.005,3,30,low,wa,0.0065652148164345,0,1,0,1,1.315652148164345
15m,500,2.0,1.0,0.1,0.005,5,30,high,wa,-0.0017861155967656,1,1,2,4,1.3154721773656772
15m,500,2.0,1.0,0.1,0.005,5,40,high,wa,-0.0017861155967659,1,1,2,4,1.3154721773656743
15m,500,0.5,0.5,0.1,0.01,4,30,high,wa,0.0063158582350105,0,1,0,1,1.313158582350105
15m,500,0.5,0.25,0.1,0.01,6,30,high,wa,0.0063158582350105,0,1,0,1,1.313158582350105
15m,500,0.5,0.25,0.1,0.01,4,30,high,wa,0.0063158582350105,0,1,0,1,1.313158582350105
15m,500,0.5,0.5,0.1,0.01,6,30,high,wa,0.0063158582350105,0,1,0,1,1.313158582350105
15m,500,0.5,1.0,0.1,0.01,4,30,high,wa,0.0063158582350105,0,1,0,1,1.313158582350105
15m,500,0.5,0.25,0.1,0.01,5,30,high,wa,0.0063158582350105,0,1,0,1,1.313158582350105
15m,500,0.5,1.0,0.1,0.01,6,30,high,wa,0.0063158582350105,0,1,0,1,1.313158582350105
15m,500,0.5,1.0,0.1,0.01,5,30,high,wa,0.0063158582350105,0,1,0,1,1.313158582350105
15m,500,0.5,0.5,0.1,0.01,5,30,high,wa,0.0063158582350105,0,1,0,1,1.313158582350105
15m,500,0.5,1.0,0.1,0.01,4,40,high,wa,0.0063158582350104,0,1,0,1,1.313158582350104
15m,500,0.5,0.5,0.1,0.01,4,40,high,wa,0.0063158582350104,0,1,0,1,1.313158582350104
15m,500,0.5,1.0,0.1,0.01,5,40,high,wa,0.0063158582350104,0,1,0,1,1.313158582350104
15m,500,0.5,0.5,0.1,0.01,5,40,high,wa,0.0063158582350104,0,1,0,1,1.313158582350104
15m,500,0.5,1.0,0.1,0.01,6,40,high,wa,0.0063158582350104,0,1,0,1,1.313158582350104
15m,500,0.5,0.5,0.1,0.01,6,40,high,wa,0.0063158582350104,0,1,0,1,1.313158582350104
15m,500,0.5,1.0,0.1,0.005,2,30,low,poc,0.0062840960093051,0,1,0,1,1.312840960093051
15m,500,0.5,0.5,0.1,0.005,2,30,low,poc,0.0062840960093051,0,1,0,1,1.312840960093051
15m,500,0.5,0.25,0.1,0.005,2,30,low,poc,0.0062840960093051,0,1,0,1,1.312840960093051
15m,500,0.5,0.5,0.1,0.005,4,30,low,wa,0.0049503386583885,1,1,1,3,1.299503386583885
15m,500,0.5,0.5,0.1,0.005,4,40,low,wa,0.0049503386583883,1,1,1,3,1.299503386583883
15m,500,0.5,0.5,0.1,0.005,5,30,low,wa,-0.0052472715950238,1,1,2,4,1.2808606173830954
15m,500,0.5,0.5,0.1,0.005,6,30,low,wa,-0.0052472715950239,1,1,2,4,1.2808606173830943
15m,500,0.5,0.5,0.1,0.005,5,40,low,wa,-0.0052472715950239,1,1,2,4,1.2808606173830943
15m,500,2.0,0.25,0.1,0.005,4,30,high,wa,0.0268489227711848,0,1,1,2,1.268489227711848
15m,500,2.0,0.25,0.1,0.005,4,40,high,wa,0.0268489227711846,0,1,1,2,1.268489227711846
15m,500,2.0,0.5,0.1,0.005,5,30,high,poc,0.0017381873223199,0,1,3,4,1.267381873223199
15m,500,2.0,0.5,0.1,0.005,5,40,high,poc,0.0017381873223199,0,1,3,4,1.267381873223199
15m,500,1.0,0.25,0.1,0.005,5,40,high,poc,0.00086909366116,0,1,3,4,1.2586909366116
15m,500,1.0,0.25,0.1,0.005,5,30,high,poc,0.00086909366116,0,1,3,4,1.2586909366116
15m,500,0.5,0.5,0.1,0.005,6,30,high,poc,-0.0083947707705553,1,1,2,4,1.2493856256277802
15m,500,0.5,0.5,0.1,0.005,6,40,high,poc,-0.0083947707705556,1,1,2,4,1.2493856256277773
15m,500,1.0,0.25,0.1,0.005,4,30,low,poc,0.0164059339092532,0,1,2,3,1.2473926724258653
15m,500,2.0,0.5,0.1,0.005,4,30,high,wa,0.0236909936536795,0,1,1,2,1.236909936536795
15m,500,2.0,0.5,0.1,0.005,4,40,high,wa,0.0236909936536794,0,1,1,2,1.236909936536794
15m,500,1.0,0.5,0.1,0.005,5,40,low,poc,-0.0043706790487843,0,1,3,4,1.206293209512157
15m,500,1.0,0.5,0.1,0.005,5,30,low,poc,-0.0043706790487843,0,1,3,4,1.206293209512157
15m,500,1.0,0.5,0.1,0.005,6,40,low,poc,-0.0043706790487843,0,1,3,4,1.206293209512157
15m,500,1.0,0.5,0.1,0.005,6,30,low,poc,-0.0043706790487844,0,1,3,4,1.2062932095121561
15m,500,0.5,0.25,0.1,0.005,5,40,high,poc,-0.005415002348145,0,1,3,4,1.19584997651855
15m,500,0.5,0.25,0.1,0.005,5,30,high,poc,-0.005415002348145,0,1,3,4,1.19584997651855
15m,500,1.0,0.5,0.1,0.005,4,30,low,poc,0.0097807608688603,0,1,2,3,1.1811409420219363
15m,500,1.0,1.0,0.1,0.005,5,40,low,wa,-0.0157663160756906,1,1,2,4,1.1756701725764274
15m,500,1.0,1.0,0.1,0.005,5,30,low,wa,-0.0157663160756906,1,1,2,4,1.1756701725764274
15m,500,1.0,1.0,0.1,0.005,6,40,low,wa,-0.0157663160756906,1,1,2,4,1.1756701725764274
15m,500,1.0,1.0,0.1,0.005,6,30,low,wa,-0.0157663160756906,1,1,2,4,1.1756701725764274
15m,500,2.0,1.0,0.1,0.005,4,30,high,wa,0.0173751354186688,0,1,1,2,1.173751354186688
15m,500,2.0,1.0,0.1,0.005,4,40,high,wa,0.0173751354186687,0,1,1,2,1.1737513541866869
15m,500,1.0,0.5,0.1,0.005,5,30,high,poc,-0.0108300046962901,0,1,3,4,1.141699953037099
15m,500,1.0,0.5,0.1,0.005,5,40,high,poc,-0.0108300046962901,0,1,3,4,1.141699953037099
15m,500,0.5,0.25,0.1,0.005,4,30,low,poc,0.00489038043443,0,1,2,3,1.1322371376776332
15m,500,1.0,0.25,0.1,0.005,4,40,high,wa,0.0118454968268397,0,1,1,2,1.1184549682683969
15m,500,0.5,1.0,0.1,0.005,6,40,high,poc,-0.0242912545132834,1,1,2,4,1.0904207882004993
15m,500,0.5,1.0,0.1,0.005,6,30,high,poc,-0.0242912545132834,1,1,2,4,1.0904207882004993
15m,500,0.5,0.5,0.1,0.005,4,30,low,poc,-0.0017347926059628,0,1,2,3,1.0659854072737054
15m,500,0.5,0.25,0.1,0.005,4,40,high,wa,0.0043437838546671,0,1,1,2,1.043437838546671
15m,500,2.0,1.0,0.1,0.005,5,30,high,poc,-0.0216600093925804,0,1,3,4,1.033399906074196
15m,500,2.0,1.0,0.1,0.005,5,40,high,poc,-0.0216600093925805,0,1,3,4,1.033399906074195
15m,500,0.5,0.5,0.1,0.005,4,30,high,poc,0.0011858547371619,0,1,1,2,1.0118585473716188
15m,500,0.5,0.5,0.1,0.005,4,40,high,poc,0.0011858547371617,0,1,1,2,1.011858547371617
15m,500,2.0,1.0,0.1,0.005,4,30,low,poc,-0.0094210115251093,0,1,2,3,0.9891232180822402
15m,500,2.0,1.0,0.1,0.005,4,40,low,poc,-0.0094210115251093,0,1,2,3,0.9891232180822402
15m,500,0.5,1.0,0.1,0.005,4,30,high,poc,-0.0051300034978487,0,1,1,2,0.948699965021513
15m,500,0.5,1.0,0.1,0.005,4,40,high,poc,-0.0051300034978487,0,1,1,2,0.948699965021513
15m,500,1.0,1.0,0.1,0.005,5,40,high,poc,-0.0342282014111905,0,1,3,4,0.907717985888095
15m,500,1.0,1.0,0.1,0.005,5,30,high,poc,-0.0342282014111905,0,1,3,4,0.907717985888095
15m,500,2.0,0.25,0.1,0.005,6,40,high,poc,-0.01169909835745,1,0,3,4,0.8830090164255
15m,500,0.5,0.25,0.1,0.005,6,40,high,poc,-0.01169909835745,1,0,3,4,0.8830090164255
15m,500,1.0,0.25,0.1,0.005,6,40,high,poc,-0.01169909835745,1,0,3,4,0.8830090164255
15m,500,2.0,0.25,0.1,0.005,6,30,high,poc,-0.0116990983574501,1,0,3,4,0.883009016425499
15m,500,1.0,0.25,0.1,0.005,6,30,high,poc,-0.0116990983574501,1,0,3,4,0.883009016425499
15m,500,0.5,0.25,0.1,0.005,6,30,high,poc,-0.0116990983574501,1,0,3,4,0.883009016425499
15m,500,2.0,0.25,0.1,0.005,5,40,low,wa,-0.0141391892723349,1,0,3,4,0.858608107276651
15m,500,1.0,0.25,0.1,0.005,5,30,low,wa,-0.0141391892723349,1,0,3,4,0.858608107276651
15m,500,1.0,0.25,0.1,0.005,5,40,low,wa,-0.0141391892723349,1,0,3,4,0.858608107276651
15m,500,1.0,0.25,0.1,0.005,6,30,low,wa,-0.0141391892723349,1,0,3,4,0.858608107276651
15m,500,2.0,0.25,0.1,0.005,5,30,low,wa,-0.0141391892723349,1,0,3,4,0.858608107276651
15m,500,2.0,0.25,0.1,0.005,6,30,low,wa,-0.0141391892723349,1,0,3,4,0.858608107276651
15m,500,1.0,1.0,0.1,0.005,4,40,low,poc,-0.0227912740538125,0,1,2,3,0.8554205927952083
15m,500,2.0,0.25,0.1,0.005,5,40,high,poc,-0.0148411463621026,0,0,4,4,0.851588536378974
15m,500,1.0,0.25,0.1,0.005,5,30,low,poc,-0.0174817549045105,0,0,4,4,0.8251824509548951
15m,500,2.0,0.25,0.1,0.005,5,30,low,poc,-0.0174817549045105,0,0,4,4,0.8251824509548951
15m,500,0.5,0.25,0.1,0.005,6,40,low,poc,-0.0174817549045106,0,0,4,4,0.825182450954894
15m,500,1.0,0.25,0.1,0.005,6,40,low,poc,-0.0174817549045106,0,0,4,4,0.825182450954894
15m,500,2.0,0.25,0.1,0.005,6,30,low,poc,-0.0174817549045106,0,0,4,4,0.825182450954894
15m,500,1.0,0.25,0.1,0.005,6,30,low,poc,-0.0174817549045106,0,0,4,4,0.825182450954894
15m,500,2.0,0.25,0.1,0.005,6,40,low,poc,-0.0174817549045106,0,0,4,4,0.825182450954894
15m,500,1.0,0.25,0.1,0.005,5,40,low,poc,-0.0174817549045107,0,0,4,4,0.825182450954893
15m,500,0.5,0.25,0.1,0.005,5,40,low,poc,-0.0174817549045107,0,0,4,4,0.825182450954893
15m,500,2.0,0.25,0.1,0.005,5,40,low,poc,-0.0174817549045107,0,0,4,4,0.825182450954893
15m,500,2.0,0.5,0.1,0.005,6,30,high,poc,-0.0233981967149003,1,0,3,4,0.766018032850997
15m,500,1.0,0.5,0.1,0.005,6,30,high,poc,-0.0233981967149003,1,0,3,4,0.766018032850997
15m,500,1.0,0.5,0.1,0.005,6,40,high,poc,-0.0233981967149004,1,0,3,4,0.766018032850996
15m,500,2.0,0.5,0.1,0.005,6,40,high,poc,-0.0233981967149004,1,0,3,4,0.766018032850996
15m,500,1.0,0.5,0.1,0.005,5,30,low,wa,-0.0282783785446699,1,0,3,4,0.717216214553301
15m,500,2.0,0.5,0.1,0.005,5,30,low,wa,-0.0282783785446699,1,0,3,4,0.717216214553301
15m,500,2.0,0.5,0.1,0.005,6,30,low,wa,-0.02827837854467,1,0,3,4,0.7172162145533
15m,500,1.0,0.5,0.1,0.005,6,30,low,wa,-0.02827837854467,1,0,3,4,0.7172162145533
15m,500,2.0,0.5,0.1,0.005,5,40,low,wa,-0.0282783785446702,1,0,3,4,0.717216214553298
15m,500,1.0,0.5,0.1,0.005,5,40,low,wa,-0.0282783785446702,1,0,3,4,0.717216214553298
15m,500,2.0,0.25,0.1,0.005,4,40,low,wa,-0.0090403841456287,1,0,2,3,0.659596158543713
15m,500,1.0,0.25,0.1,0.005,4,30,low,wa,-0.0090403841456287,1,0,2,3,0.659596158543713
15m,500,1.0,0.25,0.1,0.005,4,40,low,wa,-0.0090403841456287,1,0,2,3,0.659596158543713
15m,500,0.5,0.25,0.1,0.005,4,40,low,wa,-0.0090403841456287,1,0,2,3,0.659596158543713
15m,500,2.0,0.25,0.1,0.005,4,30,low,wa,-0.0090403841456287,1,0,2,3,0.659596158543713
15m,500,2.0,0.25,0.1,0.005,4,30,low,poc,-0.0123829497778045,0,0,3,3,0.626170502221955
15m,500,0.5,0.25,0.1,0.005,4,40,low,poc,-0.0123829497778046,0,0,3,3,0.626170502221954
15m,500,1.0,0.25,0.1,0.005,4,40,low,poc,-0.0123829497778046,0,0,3,3,0.626170502221954
15m,500,2.0,0.25,0.1,0.005,4,40,low,poc,-0.0123829497778046,0,0,3,3,0.626170502221954
15m,500,2.0,0.5,0.1,0.005,4,30,low,wa,-0.0180807682912576,1,0,2,3,0.569192317087424
15m,500,1.0,0.5,0.1,0.005,4,30,low,wa,-0.0180807682912576,1,0,2,3,0.569192317087424
15m,500,2.0,0.5,0.1,0.005,4,40,low,wa,-0.0180807682912578,1,0,2,3,0.569192317087422
15m,500,1.0,0.5,0.1,0.005,4,40,low,wa,-0.0180807682912578,1,0,2,3,0.569192317087422
15m,500,2.0,1.0,0.1,0.005,6,40,high,poc,-0.0467963934298007,1,0,3,4,0.532036065701993
15m,500,1.0,1.0,0.1,0.005,6,40,high,poc,-0.0467963934298007,1,0,3,4,0.532036065701993
15m,500,2.0,1.0,0.1,0.005,6,30,high,poc,-0.0467963934298009,1,0,3,4,0.5320360657019909
15m,500,1.0,1.0,0.1,0.005,6,30,high,poc,-0.0467963934298009,1,0,3,4,0.5320360657019909
15m,500,2.0,0.5,0.1,0.005,4,40,low,poc,-0.024765899555609,0,0,3,3,0.50234100444391
15m,500,1.0,0.5,0.1,0.005,4,40,low,poc,-0.024765899555609,0,0,3,3,0.50234100444391
15m,500,0.5,0.5,0.1,0.005,4,40,low,poc,-0.024765899555609,0,0,3,3,0.50234100444391
15m,500,2.0,0.5,0.1,0.005,4,30,low,poc,-0.0247658995556091,0,0,3,3,0.502341004443909
15m,500,0.5,0.25,0.1,0.005,4,40,high,poc,-0.0069087856035913,0,0,2,2,0.430912143964087
15m,500,1.0,0.25,0.1,0.005,4,40,high,poc,-0.0069087856035913,0,0,2,2,0.430912143964087
15m,500,2.0,0.25,0.1,0.005,4,40,high,poc,-0.0069087856035913,0,0,2,2,0.430912143964087
15m,500,1.0,0.25,0.1,0.005,4,30,high,poc,-0.0069087856035914,0,0,2,2,0.430912143964086
15m,500,2.0,0.25,0.1,0.005,4,30,high,poc,-0.0069087856035914,0,0,2,2,0.430912143964086
15m,500,0.5,0.25,0.1,0.005,4,30,high,poc,-0.0069087856035914,0,0,2,2,0.430912143964086
15m,500,1.0,1.0,0.1,0.005,4,40,low,wa,-0.0361615365825153,1,0,2,3,0.388384634174847
15m,500,2.0,1.0,0.1,0.005,4,40,low,wa,-0.0361615365825153,1,0,2,3,0.388384634174847
15m,500,1.0,1.0,0.1,0.005,4,30,low,wa,-0.0361615365825154,1,0,2,3,0.38838463417484603
15m,500,2.0,1.0,0.1,0.005,4,30,low,wa,-0.0361615365825154,1,0,2,3,0.38838463417484603
15m,500,2.0,0.5,0.1,0.005,4,40,high,poc,-0.013817571207183,0,0,2,2,0.36182428792817
15m,500,1.0,0.5,0.1,0.005,4,30,high,poc,-0.013817571207183,0,0,2,2,0.36182428792817
15m,500,2.0,0.5,0.1,0.005,4,30,high,poc,-0.013817571207183,0,0,2,2,0.36182428792817
15m,500,1.0,0.5,0.1,0.005,4,40,high,poc,-0.013817571207183,0,0,2,2,0.36182428792817
15m,500,1.0,1.0,0.1,0.005,4,40,high,poc,-0.0276351424143661,0,0,2,2,0.22364857585633902
15m,500,1.0,1.0,0.1,0.005,4,30,high,poc,-0.0276351424143661,0,0,2,2,0.22364857585633902
15m,500,2.0,1.0,0.1,0.005,4,40,high,poc,-0.0276351424143661,0,0,2,2,0.22364857585633902
15m,500,2.0,1.0,0.1,0.005,4,30,high,poc,-0.0276351424143661,0,0,2,2,0.22364857585633902
15m,500,2.0,0.25,0.1,0.005,2,30,low,poc,-0.0031420480046525,0,0,1,1,0.218579519953475
15m,500,2.0,0.25,0.1,0.01,4,30,high,wa,-0.0031579291175051,0,0,1,1,0.218420708824949
15m,500,2.0,0.25,0.1,0.01,5,30,high,wa,-0.0031579291175051,0,0,1,1,0.218420708824949
15m,500,2.0,0.25,0.1,0.01,6,30,high,wa,-0.0031579291175051,0,0,1,1,0.218420708824949
15m,500,2.0,0.25,0.1,0.01,5,40,high,wa,-0.0031579291175052,0,0,1,1,0.21842070882494802
15m,500,0.5,0.25,0.1,0.01,4,30,high,poc,-0.0031579291175052,0,0,1,1,0.21842070882494802
15m,500,2.0,0.25,0.1,0.01,5,40,high,poc,-0.0031579291175052,0,0,1,1,0.21842070882494802
15m,500,2.0,0.25,0.1,0.01,4,30,high,poc,-0.0031579291175052,0,0,1,1,0.21842070882494802
15m,500,1.0,0.25,0.1,0.01,6,40,high,wa,-0.0031579291175052,0,0,1,1,0.21842070882494802
15m,500,1.0,0.25,0.1,0.01,6,30,high,poc,-0.0031579291175052,0,0,1,1,0.21842070882494802
15m,500,1.0,0.25,0.1,0.01,4,40,high,poc,-0.0031579291175052,0,0,1,1,0.21842070882494802
15m,500,1.0,0.25,0.1,0.01,4,40,high,wa,-0.0031579291175052,0,0,1,1,0.21842070882494802
15m,500,1.0,0.25,0.1,0.01,4,30,high,poc,-0.0031579291175052,0,0,1,1,0.21842070882494802
15m,500,2.0,0.25,0.1,0.01,6,30,high,poc,-0.0031579291175052,0,0,1,1,0.21842070882494802
15m,500,2.0,0.25,0.1,0.01,6,40,high,poc,-0.0031579291175052,0,0,1,1,0.21842070882494802
15m,500,0.5,0.25,0.1,0.01,4,40,high,poc,-0.0031579291175052,0,0,1,1,0.21842070882494802
15m,500,0.5,0.25,0.1,0.01,6,40,high,poc,-0.0031579291175052,0,0,1,1,0.21842070882494802
15m,500,0.5,0.25,0.1,0.01,4,40,high,wa,-0.0031579291175052,0,0,1,1,0.21842070882494802
15m,500,0.5,0.25,0.1,0.01,6,40,high,wa,-0.0031579291175052,0,0,1,1,0.21842070882494802
15m,500,0.5,0.25,0.1,0.01,6,30,high,poc,-0.0031579291175052,0,0,1,1,0.21842070882494802
15m,500,2.0,0.25,0.1,0.01,6,40,high,wa,-0.0031579291175052,0,0,1,1,0.21842070882494802
15m,500,1.0,0.25,0.1,0.01,6,40,high,poc,-0.0031579291175052,0,0,1,1,0.21842070882494802
15m,500,2.0,0.25,0.1,0.01,5,30,high,poc,-0.0031579291175052,0,0,1,1,0.21842070882494802
15m,500,0.5,0.25,0.1,0.01,5,40,high,wa,-0.0031579291175052,0,0,1,1,0.21842070882494802
15m,500,2.0,0.25,0.1,0.01,4,40,high,wa,-0.0031579291175052,0,0,1,1,0.21842070882494802
15m,500,1.0,0.25,0.1,0.01,5,40,high,poc,-0.0031579291175052,0,0,1,1,0.21842070882494802
15m,500,1.0,0.25,0.1,0.01,5,30,high,poc,-0.0031579291175052,0,0,1,1,0.21842070882494802
15m,500,0.5,0.25,0.1,0.01,5,40,high,poc,-0.0031579291175052,0,0,1,1,0.21842070882494802
15m,500,1.0,0.25,0.1,0.01,5,40,high,wa,-0.0031579291175052,0,0,1,1,0.21842070882494802
15m,500,0.5,0.25,0.1,0.01,5,30,high,poc,-0.0031579291175052,0,0,1,1,0.21842070882494802
15m,500,2.0,0.25,0.1,0.01,4,40,high,poc,-0.0031579291175052,0,0,1,1,0.21842070882494802
15m,500,1.0,0.25,0.1,0.005,3,30,low,wa,-0.0032826074082172,0,0,1,1,0.217173925917828
15m,500,0.5,0.25,0.1,0.005,3,30,low,wa,-0.0032826074082172,0,0,1,1,0.217173925917828
15m,500,2.0,0.25,0.1,0.005,3,30,low,wa,-0.0032826074082172,0,0,1,1,0.217173925917828
15m,500,2.0,0.25,0.1,0.005,3,40,low,wa,-0.0032826074082173,0,0,1,1,0.217173925917827
15m,500,2.0,0.25,0.1,0.005,3,40,low,poc,-0.0032826074082173,0,0,1,1,0.217173925917827
15m,500,2.0,0.25,0.1,0.005,3,30,low,poc,-0.0032826074082173,0,0,1,1,0.217173925917827
15m,500,0.5,0.25,0.1,0.005,3,40,low,poc,-0.0032826074082173,0,0,1,1,0.217173925917827
15m,500,1.0,0.25,0.1,0.005,3,40,low,poc,-0.0032826074082173,0,0,1,1,0.217173925917827
15m,500,1.0,0.25,0.1,0.005,3,40,low,wa,-0.0032826074082173,0,0,1,1,0.217173925917827
15m,500,1.0,0.25,0.1,0.005,3,30,low,poc,-0.0032826074082173,0,0,1,1,0.217173925917827
15m,500,0.5,0.25,0.1,0.005,3,30,low,poc,-0.0032826074082173,0,0,1,1,0.217173925917827
15m,500,0.5,0.25,0.1,0.005,3,40,low,wa,-0.0032826074082173,0,0,1,1,0.217173925917827
15m,500,2.0,0.25,0.1,0.005,2,40,high,poc,-0.0037508564860861,0,0,1,1,0.21249143513913898
15m,500,1.0,0.25,0.1,0.005,3,40,high,poc,-0.0037508564860861,0,0,1,1,0.21249143513913898
15m,500,1.0,0.25,0.1,0.005,2,40,high,poc,-0.0037508564860861,0,0,1,1,0.21249143513913898
15m,500,2.0,0.25,0.1,0.005,3,40,high,poc,-0.0037508564860861,0,0,1,1,0.21249143513913898
15m,500,0.5,0.25,0.1,0.005,3,40,high,poc,-0.0037508564860861,0,0,1,1,0.21249143513913898
15m,500,0.5,0.25,0.1,0.005,2,40,high,poc,-0.0037508564860861,0,0,1,1,0.21249143513913898
15m,500,0.5,0.25,0.1,0.005,2,30,high,poc,-0.0037508564860862,0,0,1,1,0.21249143513913799
15m,500,1.0,0.25,0.1,0.005,2,30,high,poc,-0.0037508564860862,0,0,1,1,0.21249143513913799
15m,500,2.0,0.25,0.1,0.005,3,30,high,poc,-0.0037508564860862,0,0,1,1,0.21249143513913799
15m,500,0.5,0.25,0.1,0.005,3,30,high,poc,-0.0037508564860862,0,0,1,1,0.21249143513913799
15m,500,1.0,0.25,0.1,0.005,3,30,high,poc,-0.0037508564860862,0,0,1,1,0.21249143513913799
15m,500,2.0,0.25,0.1,0.005,2,30,high,poc,-0.0037508564860862,0,0,1,1,0.21249143513913799
15m,500,2.0,0.25,0.1,0.01,6,40,low,wa,-0.0057577767374114,0,0,1,1,0.19242223262588598
15m,500,2.0,0.25,0.1,0.01,6,30,low,poc,-0.0057577767374114,0,0,1,1,0.19242223262588598
15m,500,1.0,0.25,0.1,0.01,6,30,low,wa,-0.0057577767374114,0,0,1,1,0.19242223262588598
15m,500,0.5,0.25,0.1,0.01,6,40,low,wa,-0.0057577767374114,0,0,1,1,0.19242223262588598
15m,500,1.0,0.25,0.1,0.01,6,40,low,wa,-0.0057577767374114,0,0,1,1,0.19242223262588598
15m,500,2.0,0.25,0.1,0.01,6,30,low,wa,-0.0057577767374114,0,0,1,1,0.19242223262588598
15m,500,1.0,0.25,0.1,0.01,6,40,low,poc,-0.0057577767374115,0,0,1,1,0.192422232625885
15m,500,2.0,0.25,0.1,0.01,6,40,low,poc,-0.0057577767374115,0,0,1,1,0.192422232625885
15m,500,0.5,0.25,0.1,0.01,6,40,low,poc,-0.0057577767374115,0,0,1,1,0.192422232625885
15m,500,2.0,0.5,0.1,0.01,4,30,high,wa,-0.0063158582350105,0,0,1,1,0.18684141764989498
15m,500,0.5,0.5,0.1,0.01,4,30,high,poc,-0.0063158582350105,0,0,1,1,0.18684141764989498
15m,500,2.0,0.5,0.1,0.01,4,30,high,poc,-0.0063158582350105,0,0,1,1,0.18684141764989498
15m,500,0.5,0.5,0.1,0.01,4,40,high,poc,-0.0063158582350105,0,0,1,1,0.18684141764989498
15m,500,1.0,0.5,0.1,0.01,4,40,high,poc,-0.0063158582350105,0,0,1,1,0.18684141764989498
15m,500,0.5,0.5,0.1,0.01,6,40,high,poc,-0.0063158582350105,0,0,1,1,0.18684141764989498
15m,500,1.0,0.5,0.1,0.01,4,30,high,poc,-0.0063158582350105,0,0,1,1,0.18684141764989498
15m,500,2.0,0.5,0.1,0.01,4,40,high,wa,-0.0063158582350105,0,0,1,1,0.18684141764989498
15m,500,2.0,0.5,0.1,0.01,4,40,high,poc,-0.0063158582350105,0,0,1,1,0.18684141764989498
15m,500,0.5,0.5,0.1,0.01,6,30,high,poc,-0.0063158582350105,0,0,1,1,0.18684141764989498
15m,500,1.0,0.5,0.1,0.01,6,30,high,poc,-0.0063158582350105,0,0,1,1,0.18684141764989498
15m,500,2.0,0.5,0.1,0.01,6,30,high,poc,-0.0063158582350105,0,0,1,1,0.18684141764989498
15m,500,2.0,0.5,0.1,0.01,5,40,high,wa,-0.0063158582350105,0,0,1,1,0.18684141764989498
15m,500,1.0,0.5,0.1,0.01,6,40,high,poc,-0.0063158582350105,0,0,1,1,0.18684141764989498
15m,500,1.0,0.5,0.1,0.01,5,30,high,poc,-0.0063158582350105,0,0,1,1,0.18684141764989498
15m,500,2.0,0.5,0.1,0.01,5,30,high,wa,-0.0063158582350105,0,0,1,1,0.18684141764989498
15m,500,2.0,0.5,0.1,0.01,5,30,high,poc,-0.0063158582350105,0,0,1,1,0.18684141764989498
15m,500,1.0,0.5,0.1,0.01,5,40,high,poc,-0.0063158582350105,0,0,1,1,0.18684141764989498
15m,500,0.5,0.5,0.1,0.01,5,30,high,poc,-0.0063158582350105,0,0,1,1,0.18684141764989498
15m,500,2.0,0.5,0.1,0.01,6,30,high,wa,-0.0063158582350105,0,0,1,1,0.18684141764989498
15m,500,2.0,0.5,0.1,0.01,5,40,high,poc,-0.0063158582350105,0,0,1,1,0.18684141764989498
15m,500,2.0,0.5,0.1,0.01,6,40,high,wa,-0.0063158582350105,0,0,1,1,0.18684141764989498
15m,500,2.0,0.5,0.1,0.01,6,40,high,poc,-0.0063158582350105,0,0,1,1,0.18684141764989498
15m,500,0.5,0.5,0.1,0.01,5,40,high,poc,-0.0063158582350105,0,0,1,1,0.18684141764989498
15m,500,1.0,0.5,0.1,0.005,3,40,low,poc,-0.0065652148164345,0,0,1,1,0.184347851835655
15m,500,0.5,0.5,0.1,0.005,3,30,low,poc,-0.0065652148164345,0,0,1,1,0.184347851835655
15m,500,0.5,0.5,0.1,0.005,3,30,low,wa,-0.0065652148164345,0,0,1,1,0.184347851835655
15m,500,2.0,0.5,0.1,0.005,3,30,low,poc,-0.0065652148164345,0,0,1,1,0.184347851835655
15m,500,2.0,0.5,0.1,0.005,3,40,low,poc,-0.0065652148164345,0,0,1,1,0.184347851835655
15m,500,1.0,0.5,0.1,0.005,3,30,low,wa,-0.0065652148164345,0,0,1,1,0.184347851835655
15m,500,0.5,0.5,0.1,0.005,3,40,low,poc,-0.0065652148164345,0,0,1,1,0.184347851835655
15m,500,1.0,0.5,0.1,0.005,3,30,low,poc,-0.0065652148164345,0,0,1,1,0.184347851835655
15m,500,2.0,0.5,0.1,0.005,3,30,low,wa,-0.0065652148164345,0,0,1,1,0.184347851835655
15m,500,1.0,0.5,0.1,0.005,3,40,low,wa,-0.0065652148164346,0,0,1,1,0.184347851835654
15m,500,0.5,0.5,0.1,0.005,3,40,low,wa,-0.0065652148164346,0,0,1,1,0.184347851835654
15m,500,2.0,0.5,0.1,0.005,3,40,low,wa,-0.0065652148164346,0,0,1,1,0.184347851835654
15m,500,1.0,0.5,0.1,0.005,3,40,high,poc,-0.0075017129721724,0,0,1,1,0.174982870278276
15m,500,2.0,0.5,0.1,0.005,2,40,high,poc,-0.0075017129721724,0,0,1,1,0.174982870278276
15m,500,1.0,0.5,0.1,0.005,2,40,high,poc,-0.0075017129721724,0,0,1,1,0.174982870278276
15m,500,2.0,0.5,0.1,0.005,3,40,high,poc,-0.0075017129721724,0,0,1,1,0.174982870278276
15m,500,1.0,0.5,0.1,0.005,2,30,high,poc,-0.0075017129721725,0,0,1,1,0.174982870278275
15m,500,2.0,0.5,0.1,0.005,3,30,high,poc,-0.0075017129721725,0,0,1,1,0.174982870278275
15m,500,1.0,0.5,0.1,0.005,3,30,high,poc,-0.0075017129721725,0,0,1,1,0.174982870278275
15m,500,2.0,0.5,0.1,0.005,2,30,high,poc,-0.0075017129721725,0,0,1,1,0.174982870278275
15m,500,2.0,0.5,0.1,0.01,6,30,low,wa,-0.0115155534748231,0,0,1,1,0.134844465251769
15m,500,1.0,0.5,0.1,0.01,6,40,low,wa,-0.0115155534748231,0,0,1,1,0.134844465251769
15m,500,1.0,0.5,0.1,0.01,6,30,low,wa,-0.0115155534748231,0,0,1,1,0.134844465251769
15m,500,0.5,0.5,0.1,0.01,6,40,low,poc,-0.0115155534748231,0,0,1,1,0.134844465251769
15m,500,2.0,0.5,0.1,0.01,6,40,low,poc,-0.0115155534748231,0,0,1,1,0.134844465251769
15m,500,2.0,0.5,0.1,0.01,6,40,low,wa,-0.0115155534748231,0,0,1,1,0.134844465251769
15m,500,2.0,0.5,0.1,0.01,6,30,low,poc,-0.0115155534748231,0,0,1,1,0.134844465251769
15m,500,1.0,0.5,0.1,0.01,6,40,low,poc,-0.0115155534748231,0,0,1,1,0.134844465251769
15m,500,2.0,1.0,0.1,0.01,4,30,high,poc,-0.0126317164700211,0,0,1,1,0.12368283529978902
15m,500,0.5,1.0,0.1,0.01,5,30,high,poc,-0.0126317164700211,0,0,1,1,0.12368283529978902
15m,500,0.5,1.0,0.1,0.01,5,40,high,poc,-0.0126317164700211,0,0,1,1,0.12368283529978902
15m,500,2.0,1.0,0.1,0.01,4,40,high,poc,-0.0126317164700211,0,0,1,1,0.12368283529978902
15m,500,1.0,1.0,0.1,0.01,4,30,high,poc,-0.0126317164700211,0,0,1,1,0.12368283529978902
15m,500,2.0,1.0,0.1,0.01,4,30,high,wa,-0.0126317164700211,0,0,1,1,0.12368283529978902
15m,500,2.0,1.0,0.1,0.01,5,30,high,poc,-0.0126317164700211,0,0,1,1,0.12368283529978902
15m,500,2.0,1.0,0.1,0.01,6,30,high,wa,-0.0126317164700211,0,0,1,1,0.12368283529978902
15m,500,2.0,1.0,0.1,0.01,6,30,high,poc,-0.0126317164700211,0,0,1,1,0.12368283529978902
15m,500,2.0,1.0,0.1,0.01,6,40,high,poc,-0.0126317164700211,0,0,1,1,0.12368283529978902
15m,500,0.5,1.0,0.1,0.01,4,30,high,poc,-0.0126317164700211,0,0,1,1,0.12368283529978902
15m,500,0.5,1.0,0.1,0.01,4,40,high,poc,-0.0126317164700211,0,0,1,1,0.12368283529978902
15m,500,0.5,1.0,0.1,0.01,6,40,high,poc,-0.0126317164700211,0,0,1,1,0.12368283529978902
15m,500,2.0,1.0,0.1,0.01,5,40,high,poc,-0.0126317164700211,0,0,1,1,0.12368283529978902
15m,500,2.0,1.0,0.1,0.01,5,30,high,wa,-0.0126317164700211,0,0,1,1,0.12368283529978902
15m,500,1.0,1.0,0.1,0.01,4,40,high,poc,-0.0126317164700211,0,0,1,1,0.12368283529978902
15m,500,1.0,1.0,0.1,0.01,6,40,high,poc,-0.0126317164700211,0,0,1,1,0.12368283529978902
15m,500,1.0,1.0,0.1,0.01,5,40,high,poc,-0.0126317164700211,0,0,1,1,0.12368283529978902
15m,500,1.0,1.0,0.1,0.01,6,30,high,poc,-0.0126317164700211,0,0,1,1,0.12368283529978902
15m,500,1.0,1.0,0.1,0.01,5,30,high,poc,-0.0126317164700211,0,0,1,1,0.12368283529978902
15m,500,0.5,1.0,0.1,0.01,6,30,high,poc,-0.0126317164700211,0,0,1,1,0.12368283529978902
15m,500,2.0,1.0,0.1,0.01,5,40,high,wa,-0.0126317164700212,0,0,1,1,0.12368283529978799
15m,500,2.0,1.0,0.1,0.01,4,40,high,wa,-0.0126317164700212,0,0,1,1,0.12368283529978799
15m,500,2.0,1.0,0.1,0.01,6,40,high,wa,-0.0126317164700212,0,0,1,1,0.12368283529978799
15m,500,1.0,1.0,0.1,0.005,3,30,low,poc,-0.013130429632869,0,0,1,1,0.11869570367131
15m,500,0.5,1.0,0.1,0.005,3,30,low,poc,-0.013130429632869,0,0,1,1,0.11869570367131
15m,500,0.5,1.0,0.1,0.005,3,40,low,poc,-0.013130429632869,0,0,1,1,0.11869570367131
15m,500,2.0,1.0,0.1,0.005,3,40,low,poc,-0.013130429632869,0,0,1,1,0.11869570367131
15m,500,2.0,1.0,0.1,0.005,3,30,low,poc,-0.013130429632869,0,0,1,1,0.11869570367131
15m,500,1.0,1.0,0.1,0.005,3,40,low,poc,-0.013130429632869,0,0,1,1,0.11869570367131
15m,500,1.0,1.0,0.1,0.005,3,40,low,wa,-0.0131304296328691,0,0,1,1,0.118695703671309
15m,500,1.0,1.0,0.1,0.005,3,30,low,wa,-0.0131304296328691,0,0,1,1,0.118695703671309
15m,500,2.0,1.0,0.1,0.005,3,30,low,wa,-0.0131304296328691,0,0,1,1,0.118695703671309
15m,500,2.0,1.0,0.1,0.005,3,40,low,wa,-0.0131304296328691,0,0,1,1,0.118695703671309
15m,500,2.0,1.0,0.1,0.005,3,30,high,poc,-0.0150034259443449,0,0,1,1,0.099965740556551
15m,500,2.0,1.0,0.1,0.005,2,30,high,poc,-0.0150034259443449,0,0,1,1,0.099965740556551
15m,500,1.0,1.0,0.1,0.005,2,30,high,poc,-0.0150034259443449,0,0,1,1,0.099965740556551
15m,500,1.0,1.0,0.1,0.005,3,30,high,poc,-0.0150034259443449,0,0,1,1,0.099965740556551
15m,500,2.0,1.0,0.1,0.005,3,40,high,poc,-0.015003425944345,0,0,1,1,0.09996574055655
15m,500,1.0,1.0,0.1,0.005,3,40,high,poc,-0.015003425944345,0,0,1,1,0.09996574055655
15m,500,2.0,1.0,0.1,0.005,2,40,high,poc,-0.015003425944345,0,0,1,1,0.09996574055655
15m,500,1.0,1.0,0.1,0.005,2,40,high,poc,-0.015003425944345,0,0,1,1,0.09996574055655
15m,500,1.0,1.0,0.1,0.01,6,40,low,wa,-0.0230311069496462,0,0,1,1,0.019688930503537982
15m,500,2.0,1.0,0.1,0.01,6,40,low,wa,-0.0230311069496462,0,0,1,1,0.019688930503537982
15m,500,2.0,1.0,0.1,0.01,6,30,low,poc,-0.0230311069496462,0,0,1,1,0.019688930503537982
15m,500,2.0,1.0,0.1,0.01,6,30,low,wa,-0.0230311069496462,0,0,1,1,0.019688930503537982
15m,500,1.0,1.0,0.1,0.01,6,30,low,wa,-0.0230311069496462,0,0,1,1,0.019688930503537982
15m,500,2.0,1.0,0.1,0.01,6,40,low,poc,-0.0230311069496463,0,0,1,1,0.019688930503536983
15m,500,1.0,1.0,0.1,0.01,6,40,low,poc,-0.0230311069496463,0,0,1,1,0.019688930503536983
15m,500,2.0,1.0,0.1,0.01,2,40,high,poc,0.0,0,0,0,0,0.0
15m,500,2.0,1.0,0.1,0.01,2,40,high,wa,0.0,0,0,0,0,0.0
15m,500,2.0,1.0,0.1,0.01,2,30,high,poc,0.0,0,0,0,0,0.0
15m,500,2.0,1.0,0.1,0.01,2,30,high,wa,0.0,0,0,0,0,0.0
15m,500,2.0,0.5,0.1,0.01,2,40,high,poc,0.0,0,0,0,0,0.0
15m,500,2.0,0.5,0.1,0.01,2,40,high,wa,0.0,0,0,0,0,0.0
15m,500,2.0,0.5,0.1,0.01,2,30,high,poc,0.0,0,0,0,0,0.0
15m,500,2.0,0.5,0.1,0.01,2,30,high,wa,0.0,0,0,0,0,0.0
15m,500,2.0,0.25,0.1,0.01,2,40,high,poc,0.0,0,0,0,0,0.0
15m,500,2.0,0.25,0.1,0.01,2,40,high,wa,0.0,0,0,0,0,0.0
15m,500,2.0,0.25,0.1,0.01,2,30,high,poc,0.0,0,0,0,0,0.0
15m,500,2.0,0.25,0.1,0.01,2,30,high,wa,0.0,0,0,0,0,0.0
15m,500,1.0,1.0,0.1,0.01,2,40,high,poc,0.0,0,0,0,0,0.0
15m,500,1.0,1.0,0.1,0.01,2,40,high,wa,0.0,0,0,0,0,0.0
15m,500,1.0,1.0,0.1,0.01,2,30,high,poc,0.0,0,0,0,0,0.0
15m,500,1.0,1.0,0.1,0.01,2,30,high,wa,0.0,0,0,0,0,0.0
15m,500,1.0,0.5,0.1,0.01,2,40,high,poc,0.0,0,0,0,0,0.0
15m,500,1.0,0.5,0.1,0.01,2,40,high,wa,0.0,0,0,0,0,0.0
15m,500,1.0,0.5,0.1,0.01,2,30,high,poc,0.0,0,0,0,0,0.0
15m,500,1.0,0.5,0.1,0.01,2,30,high,wa,0.0,0,0,0,0,0.0
15m,500,1.0,0.25,0.1,0.01,2,40,high,poc,0.0,0,0,0,0,0.0
15m,500,1.0,0.25,0.1,0.01,2,40,high,wa,0.0,0,0,0,0,0.0
15m,500,1.0,0.25,0.1,0.01,2,30,high,poc,0.0,0,0,0,0,0.0
15m,500,1.0,0.25,0.1,0.01,2,30,high,wa,0.0,0,0,0,0,0.0
15m,500,0.5,1.0,0.1,0.01,2,40,high,poc,0.0,0,0,0,0,0.0
15m,500,0.5,1.0,0.1,0.01,2,40,high,wa,0.0,0,0,0,0,0.0
15m,500,0.5,1.0,0.1,0.01,2,30,high,poc,0.0,0,0,0,0,0.0
15m,500,0.5,1.0,0.1,0.01,2,30,high,wa,0.0,0,0,0,0,0.0
15m,500,0.5,0.5,0.1,0.01,2,40,high,poc,0.0,0,0,0,0,0.0
15m,500,0.5,0.5,0.1,0.01,2,40,high,wa,0.0,0,0,0,0,0.0
15m,500,0.5,0.5,0.1,0.01,2,30,high,poc,0.0,0,0,0,0,0.0
15m,500,0.5,0.5,0.1,0.01,2,30,high,wa,0.0,0,0,0,0,0.0
15m,500,0.5,0.25,0.1,0.01,2,40,high,poc,0.0,0,0,0,0,0.0
15m,500,0.5,0.25,0.1,0.01,2,40,high,wa,0.0,0,0,0,0,0.0
15m,500,0.5,0.25,0.1,0.01,2,30,high,poc,0.0,0,0,0,0,0.0
15m,500,0.5,0.25,0.1,0.01,2,30,high,wa,0.0,0,0,0,0,0.0
15m,500,2.0,1.0,0.1,0.005,2,40,low,poc,0.0,1,0,0,1,0.0
15m,500,2.0,1.0,0.1,0.005,2,40,low,wa,0.0,1,0,0,1,0.0
15m,500,2.0,1.0,0.1,0.005,2,30,low,wa,0.0,1,0,0,1,0.0
15m,500,2.0,0.5,0.1,0.005,2,40,low,poc,0.0,1,0,0,1,0.0
15m,500,2.0,0.5,0.1,0.005,2,40,low,wa,0.0,1,0,0,1,0.0
15m,500,2.0,0.5,0.1,0.005,2,30,low,wa,0.0,1,0,0,1,0.0
15m,500,2.0,0.25,0.1,0.005,2,40,low,poc,0.0,1,0,0,1,0.0
15m,500,2.0,0.25,0.1,0.005,2,40,low,wa,0.0,1,0,0,1,0.0
15m,500,2.0,0.25,0.1,0.005,2,30,low,wa,0.0,1,0,0,1,0.0
15m,500,1.0,1.0,0.1,0.005,2,40,low,poc,0.0,1,0,0,1,0.0
15m,500,1.0,1.0,0.1,0.005,2,40,low,wa,0.0,1,0,0,1,0.0
15m,500,1.0,1.0,0.1,0.005,2,30,low,wa,0.0,1,0,0,1,0.0
15m,500,1.0,0.5,0.1,0.005,2,40,low,poc,0.0,1,0,0,1,0.0
15m,500,1.0,0.5,0.1,0.005,2,40,low,wa,0.0,1,0,0,1,0.0
15m,500,1.0,0.5,0.1,0.005,2,30,low,wa,0.0,1,0,0,1,0.0
15m,500,1.0,0.25,0.1,0.005,2,40,low,poc,0.0,1,0,0,1,0.0
15m,500,1.0,0.25,0.1,0.005,2,40,low,wa,0.0,1,0,0,1,0.0
15m,500,1.0,0.25,0.1,0.005,2,30,low,wa,0.0,1,0,0,1,0.0
15m,500,0.5,1.0,0.1,0.005,2,40,low,poc,0.0,1,0,0,1,0.0
15m,500,0.5,1.0,0.1,0.005,2,40,low,wa,0.0,1,0,0,1,0.0
15m,500,0.5,1.0,0.1,0.005,2,30,low,wa,0.0,1,0,0,1,0.0
15m,500,0.5,0.5,0.1,0.005,2,40,low,poc,0.0,1,0,0,1,0.0
15m,500,0.5,0.5,0.1,0.005,2,40,low,wa,0.0,1,0,0,1,0.0
15m,500,0.5,0.5,0.1,0.005,2,30,low,wa,0.0,1,0,0,1,0.0
15m,500,0.5,0.25,0.1,0.005,2,40,low,poc,0.0,1,0,0,1,0.0
15m,500,0.5,0.25,0.1,0.005,2,40,low,wa,0.0,1,0,0,1,0.0
15m,500,0.5,0.25,0.1,0.005,2,30,low,wa,0.0,1,0,0,1,0.0
15m,500,2.0,1.0,0.1,0.01,2,40,low,poc,0.0,0,0,0,0,0.0
15m,500,2.0,1.0,0.1,0.01,2,40,low,wa,0.0,0,0,0,0,0.0
15m,500,2.0,1.0,0.1,0.01,2,30,low,poc,0.0,0,0,0,0,0.0
15m,500,2.0,1.0,0.1,0.01,2,30,low,wa,0.0,0,0,0,0,0.0
15m,500,2.0,0.5,0.1,0.01,2,40,low,poc,0.0,0,0,0,0,0.0
15m,500,2.0,0.5,0.1,0.01,2,40,low,wa,0.0,0,0,0,0,0.0
15m,500,2.0,0.5,0.1,0.01,2,30,low,poc,0.0,0,0,0,0,0.0
15m,500,2.0,0.5,0.1,0.01,2,30,low,wa,0.0,0,0,0,0,0.0
15m,500,2.0,0.25,0.1,0.01,2,40,low,poc,0.0,0,0,0,0,0.0
15m,500,2.0,0.25,0.1,0.01,2,40,low,wa,0.0,0,0,0,0,0.0
15m,500,2.0,0.25,0.1,0.01,2,30,low,poc,0.0,0,0,0,0,0.0
15m,500,2.0,0.25,0.1,0.01,2,30,low,wa,0.0,0,0,0,0,0.0
15m,500,1.0,1.0,0.1,0.01,2,40,low,poc,0.0,0,0,0,0,0.0
15m,500,1.0,1.0,0.1,0.01,2,40,low,wa,0.0,0,0,0,0,0.0
15m,500,1.0,1.0,0.1,0.01,2,30,low,poc,0.0,0,0,0,0,0.0
15m,500,1.0,1.0,0.1,0.01,2,30,low,wa,0.0,0,0,0,0,0.0
15m,500,1.0,0.5,0.1,0.01,2,40,low,poc,0.0,0,0,0,0,0.0
15m,500,1.0,0.5,0.1,0.01,2,40,low,wa,0.0,0,0,0,0,0.0
15m,500,1.0,0.5,0.1,0.01,2,30,low,poc,0.0,0,0,0,0,0.0
15m,500,1.0,0.5,0.1,0.01,2,30,low,wa,0.0,0,0,0,0,0.0
15m,500,1.0,0.25,0.1,0.01,2,40,low,poc,0.0,0,0,0,0,0.0
15m,500,1.0,0.25,0.1,0.01,2,40,low,wa,0.0,0,0,0,0,0.0
15m,500,1.0,0.25,0.1,0.01,2,30,low,poc,0.0,0,0,0,0,0.0
15m,500,1.0,0.25,0.1,0.01,2,30,low,wa,0.0,0,0,0,0,0.0
15m,500,0.5,1.0,0.1,0.01,2,40,low,poc,0.0,0,0,0,0,0.0
15m,500,0.5,1.0,0.1,0.01,2,40,low,wa,0.0,0,0,0,0,0.0
15m,500,0.5,1.0,0.1,0.01,2,30,low,poc,0.0,0,0,0,0,0.0
15m,500,0.5,1.0,0.1,0.01,2,30,low,wa,0.0,0,0,0,0,0.0
15m,500,0.5,0.5,0.1,0.01,2,40,low,poc,0.0,0,0,0,0,0.0
15m,500,0.5,0.5,0.1,0.01,2,40,low,wa,0.0,0,0,0,0,0.0
15m,500,0.5,0.5,0.1,0.01,2,30,low,poc,0.0,0,0,0,0,0.0
15m,500,0.5,0.5,0.1,0.01,2,30,low,wa,0.0,0,0,0,0,0.0
15m,500,0.5,0.25,0.1,0.01,2,40,low,poc,0.0,0,0,0,0,0.0
15m,500,0.5,0.25,0.1,0.01,2,40,low,wa,0.0,0,0,0,0,0.0
15m,500,0.5,0.25,0.1,0.01,2,30,low,poc,0.0,0,0,0,0,0.0
15m,500,0.5,0.25,0.1,0.01,2,30,low,wa,0.0,0,0,0,0,0.0
5m,500,2.0,1.0,0.1,0.005,2,40,high,poc,0.0,0,0,0,0,0.0
5m,500,2.0,1.0,0.1,0.005,2,40,high,wa,0.0,0,0,0,0,0.0
5m,500,2.0,1.0,0.1,0.005,2,30,high,poc,0.0,0,0,0,0,0.0
5m,500,2.0,1.0,0.1,0.005,2,30,high,wa,0.0,0,0,0,0,0.0
5m,500,2.0,0.5,0.1,0.005,2,40,high,poc,0.0,0,0,0,0,0.0
5m,500,2.0,0.5,0.1,0.005,2,40,high,wa,0.0,0,0,0,0,0.0
5m,500,2.0,0.5,0.1,0.005,2,30,high,poc,0.0,0,0,0,0,0.0
5m,500,2.0,0.5,0.1,0.005,2,30,high,wa,0.0,0,0,0,0,0.0
5m,500,2.0,0.25,0.1,0.005,2,40,high,poc,0.0,0,0,0,0,0.0
5m,500,2.0,0.25,0.1,0.005,2,40,high,wa,0.0,0,0,0,0,0.0
5m,500,2.0,0.25,0.1,0.005,2,30,high,poc,0.0,0,0,0,0,0.0
5m,500,2.0,0.25,0.1,0.005,2,30,high,wa,0.0,0,0,0,0,0.0
5m,500,1.0,1.0,0.1,0.005,2,40,high,poc,0.0,0,0,0,0,0.0
5m,500,1.0,1.0,0.1,0.005,2,40,high,wa,0.0,0,0,0,0,0.0
5m,500,1.0,1.0,0.1,0.005,2,30,high,poc,0.0,0,0,0,0,0.0
5m,500,1.0,1.0,0.1,0.005,2,30,high,wa,0.0,0,0,0,0,0.0
5m,500,1.0,0.5,0.1,0.005,2,40,high,poc,0.0,0,0,0,0,0.0
5m,500,1.0,0.5,0.1,0.005,2,40,high,wa,0.0,0,0,0,0,0.0
5m,500,1.0,0.5,0.1,0.005,2,30,high,poc,0.0,0,0,0,0,0.0
5m,500,1.0,0.5,0.1,0.005,2,30,high,wa,0.0,0,0,0,0,0.0
5m,500,1.0,0.25,0.1,0.005,2,40,high,poc,0.0,0,0,0,0,0.0
5m,500,1.0,0.25,0.1,0.005,2,40,high,wa,0.0,0,0,0,0,0.0
5m,500,1.0,0.25,0.1,0.005,2,30,high,poc,0.0,0,0,0,0,0.0
5m,500,1.0,0.25,0.1,0.005,2,30,high,wa,0.0,0,0,0,0,0.0
5m,500,0.5,1.0,0.1,0.005,2,40,high,poc,0.0,0,0,0,0,0.0
5m,500,0.5,1.0,0.1,0.005,2,40,high,wa,0.0,0,0,0,0,0.0
5m,500,0.5,1.0,0.1,0.005,2,30,high,poc,0.0,0,0,0,0,0.0
5m,500,0.5,1.0,0.1,0.005,2,30,high,wa,0.0,0,0,0,0,0.0
5m,500,0.5,0.5,0.1,0.005,2,40,high,poc,0.0,0,0,0,0,0.0
5m,500,0.5,0.5,0.1,0.005,2,40,high,wa,0.0,0,0,0,0,0.0
5m,500,0.5,0.5,0.1,0.005,2,30,high,poc,0.0,0,0,0,0,0.0
5m,500,0.5,0.5,0.1,0.005,2,30,high,wa,0.0,0,0,0,0,0.0
5m,500,0.5,0.25,0.1,0.005,2,40,high,poc,0.0,0,0,0,0,0.0
5m,500,0.5,0.25,0.1,0.005,2,40,high,wa,0.0,0,0,0,0,0.0
5m,500,0.5,0.25,0.1,0.005,2,30,high,poc,0.0,0,0,0,0,0.0
5m,500,0.5,0.25,0.1,0.005,2,30,high,wa,0.0,0,0,0,0,0.0
5m,500,2.0,1.0,0.1,0.01,2,40,high,poc,0.0,0,0,0,0,0.0
5m,500,2.0,1.0,0.1,0.01,2,40,high,wa,0.0,0,0,0,0,0.0
5m,500,2.0,1.0,0.1,0.01,2,30,high,poc,0.0,0,0,0,0,0.0
5m,500,2.0,1.0,0.1,0.01,2,30,high,wa,0.0,0,0,0,0,0.0
5m,500,2.0,0.5,0.1,0.01,2,40,high,poc,0.0,0,0,0,0,0.0
5m,500,2.0,0.5,0.1,0.01,2,40,high,wa,0.0,0,0,0,0,0.0
5m,500,2.0,0.5,0.1,0.01,2,30,high,poc,0.0,0,0,0,0,0.0
5m,500,2.0,0.5,0.1,0.01,2,30,high,wa,0.0,0,0,0,0,0.0
5m,500,2.0,0.25,0.1,0.01,2,40,high,poc,0.0,0,0,0,0,0.0
5m,500,2.0,0.25,0.1,0.01,2,40,high,wa,0.0,0,0,0,0,0.0
5m,500,2.0,0.25,0.1,0.01,2,30,high,poc,0.0,0,0,0,0,0.0
5m,500,2.0,0.25,0.1,0.01,2,30,high,wa,0.0,0,0,0,0,0.0
5m,500,1.0,1.0,0.1,0.01,2,40,high,poc,0.0,0,0,0,0,0.0
5m,500,1.0,1.0,0.1,0.01,2,40,high,wa,0.0,0,0,0,0,0.0
5m,500,1.0,1.0,0.1,0.01,2,30,high,poc,0.0,0,0,0,0,0.0
5m,500,1.0,1.0,0.1,0.01,2,30,high,wa,0.0,0,0,0,0,0.0
5m,500,1.0,0.5,0.1,0.01,2,40,high,poc,0.0,0,0,0,0,0.0
5m,500,1.0,0.5,0.1,0.01,2,40,high,wa,0.0,0,0,0,0,0.0
5m,500,1.0,0.5,0.1,0.01,2,30,high,poc,0.0,0,0,0,0,0.0
5m,500,1.0,0.5,0.1,0.01,2,30,high,wa,0.0,0,0,0,0,0.0
5m,500,1.0,0.25,0.1,0.01,2,40,high,poc,0.0,0,0,0,0,0.0
5m,500,1.0,0.25,0.1,0.01,2,40,high,wa,0.0,0,0,0,0,0.0
5m,500,1.0,0.25,0.1,0.01,2,30,high,poc,0.0,0,0,0,0,0.0
5m,500,1.0,0.25,0.1,0.01,2,30,high,wa,0.0,0,0,0,0,0.0
5m,500,0.5,1.0,0.1,0.01,2,40,high,poc,0.0,0,0,0,0,0.0
5m,500,0.5,1.0,0.1,0.01,2,40,high,wa,0.0,0,0,0,0,0.0
5m,500,0.5,1.0,0.1,0.01,2,30,high,poc,0.0,0,0,0,0,0.0
5m,500,0.5,1.0,0.1,0.01,2,30,high,wa,0.0,0,0,0,0,0.0
5m,500,0.5,0.5,0.1,0.01,2,40,high,poc,0.0,0,0,0,0,0.0
5m,500,0.5,0.5,0.1,0.01,2,40,high,wa,0.0,0,0,0,0,0.0
5m,500,0.5,0.5,0.1,0.01,2,30,high,poc,0.0,0,0,0,0,0.0
5m,500,0.5,0.5,0.1,0.01,2,30,high,wa,0.0,0,0,0,0,0.0
5m,500,0.5,0.25,0.1,0.01,2,40,high,poc,0.0,0,0,0,0,0.0
5m,500,0.5,0.25,0.1,0.01,2,40,high,wa,0.0,0,0,0,0,0.0
5m,500,0.5,0.25,0.1,0.01,2,30,high,poc,0.0,0,0,0,0,0.0
5m,500,0.5,0.25,0.1,0.01,2,30,high,wa,0.0,0,0,0,0,0.0
5m,500,2.0,1.0,0.1,0.005,2,40,low,poc,0.0,0,0,0,0,0.0
5m,500,2.0,1.0,0.1,0.005,2,40,low,wa,0.0,0,0,0,0,0.0
5m,500,2.0,1.0,0.1,0.005,2,30,low,poc,0.0,0,0,0,0,0.0
5m,500,2.0,1.0,0.1,0.005,2,30,low,wa,0.0,0,0,0,0,0.0
5m,500,2.0,0.5,0.1,0.005,2,40,low,poc,0.0,0,0,0,0,0.0
5m,500,2.0,0.5,0.1,0.005,2,40,low,wa,0.0,0,0,0,0,0.0
5m,500,2.0,0.5,0.1,0.005,2,30,low,poc,0.0,0,0,0,0,0.0
5m,500,2.0,0.5,0.1,0.005,2,30,low,wa,0.0,0,0,0,0,0.0
5m,500,2.0,0.25,0.1,0.005,2,40,low,poc,0.0,0,0,0,0,0.0
5m,500,2.0,0.25,0.1,0.005,2,40,low,wa,0.0,0,0,0,0,0.0
5m,500,2.0,0.25,0.1,0.005,2,30,low,poc,0.0,0,0,0,0,0.0
5m,500,2.0,0.25,0.1,0.005,2,30,low,wa,0.0,0,0,0,0,0.0
5m,500,1.0,1.0,0.1,0.005,2,40,low,poc,0.0,0,0,0,0,0.0
5m,500,1.0,1.0,0.1,0.005,2,40,low,wa,0.0,0,0,0,0,0.0
5m,500,1.0,1.0,0.1,0.005,2,30,low,poc,0.0,0,0,0,0,0.0
5m,500,1.0,1.0,0.1,0.005,2,30,low,wa,0.0,0,0,0,0,0.0
5m,500,1.0,0.5,0.1,0.005,2,40,low,poc,0.0,0,0,0,0,0.0
5m,500,1.0,0.5,0.1,0.005,2,40,low,wa,0.0,0,0,0,0,0.0
5m,500,1.0,0.5,0.1,0.005,2,30,low,poc,0.0,0,0,0,0,0.0
5m,500,1.0,0.5,0.1,0.005,2,30,low,wa,0.0,0,0,0,0,0.0
5m,500,1.0,0.25,0.1,0.005,2,40,low,poc,0.0,0,0,0,0,0.0
5m,500,1.0,0.25,0.1,0.005,2,40,low,wa,0.0,0,0,0,0,0.0
5m,500,1.0,0.25,0.1,0.005,2,30,low,poc,0.0,0,0,0,0,0.0
5m,500,1.0,0.25,0.1,0.005,2,30,low,wa,0.0,0,0,0,0,0.0
5m,500,0.5,1.0,0.1,0.005,2,40,low,poc,0.0,0,0,0,0,0.0
5m,500,0.5,1.0,0.1,0.005,2,40,low,wa,0.0,0,0,0,0,0.0
5m,500,0.5,1.0,0.1,0.005,2,30,low,poc,0.0,0,0,0,0,0.0
5m,500,0.5,1.0,0.1,0.005,2,30,low,wa,0.0,0,0,0,0,0.0
5m,500,0.5,0.5,0.1,0.005,2,40,low,poc,0.0,0,0,0,0,0.0
5m,500,0.5,0.5,0.1,0.005,2,40,low,wa,0.0,0,0,0,0,0.0
5m,500,0.5,0.5,0.1,0.005,2,30,low,poc,0.0,0,0,0,0,0.0
5m,500,0.5,0.5,0.1,0.005,2,30,low,wa,0.0,0,0,0,0,0.0
5m,500,0.5,0.25,0.1,0.005,2,40,low,poc,0.0,0,0,0,0,0.0
5m,500,0.5,0.25,0.1,0.005,2,40,low,wa,0.0,0,0,0,0,0.0
5m,500,0.5,0.25,0.1,0.005,2,30,low,poc,0.0,0,0,0,0,0.0
5m,500,0.5,0.25,0.1,0.005,2,30,low,wa,0.0,0,0,0,0,0.0
5m,500,2.0,1.0,0.1,0.01,2,40,low,poc,0.0,0,0,0,0,0.0
5m,500,2.0,1.0,0.1,0.01,2,40,low,wa,0.0,0,0,0,0,0.0
5m,500,2.0,1.0,0.1,0.01,2,30,low,poc,0.0,0,0,0,0,0.0
5m,500,2.0,1.0,0.1,0.01,2,30,low,wa,0.0,0,0,0,0,0.0
5m,500,2.0,0.5,0.1,0.01,2,40,low,poc,0.0,0,0,0,0,0.0
5m,500,2.0,0.5,0.1,0.01,2,40,low,wa,0.0,0,0,0,0,0.0
5m,500,2.0,0.5,0.1,0.01,2,30,low,poc,0.0,0,0,0,0,0.0
5m,500,2.0,0.5,0.1,0.01,2,30,low,wa,0.0,0,0,0,0,0.0
5m,500,2.0,0.25,0.1,0.01,2,40,low,poc,0.0,0,0,0,0,0.0
5m,500,2.0,0.25,0.1,0.01,2,40,low,wa,0.0,0,0,0,0,0.0
5m,500,2.0,0.25,0.1,0.01,2,30,low,poc,0.0,0,0,0,0,0.0
5m,500,2.0,0.25,0.1,0.01,2,30,low,wa,0.0,0,0,0,0,0.0
5m,500,1.0,1.0,0.1,0.01,2,40,low,poc,0.0,0,0,0,0,0.0
5m,500,1.0,1.0,0.1,0.01,2,40,low,wa,0.0,0,0,0,0,0.0
5m,500,1.0,1.0,0.1,0.01,2,30,low,poc,0.0,0,0,0,0,0.0
5m,500,1.0,1.0,0.1,0.01,2,30,low,wa,0.0,0,0,0,0,0.0
5m,500,1.0,0.5,0.1,0.01,2,40,low,poc,0.0,0,0,0,0,0.0
5m,500,1.0,0.5,0.1,0.01,2,40,low,wa,0.0,0,0,0,0,0.0
5m,500,1.0,0.5,0.1,0.01,2,30,low,poc,0.0,0,0,0,0,0.0
5m,500,1.0,0.5,0.1,0.01,2,30,low,wa,0.0,0,0,0,0,0.0
5m,500,1.0,0.25,0.1,0.01,2,40,low,poc,0.0,0,0,0,0,0.0
5m,500,1.0,0.25,0.1,0.01,2,40,low,wa,0.0,0,0,0,0,0.0
5m,500,1.0,0.25,0.1,0.01,2,30,low,poc,0.0,0,0,0,0,0.0
5m,500,1.0,0.25,0.1,0.01,2,30,low,wa,0.0,0,0,0,0,0.0
5m,500,0.5,1.0,0.1,0.01,2,40,low,poc,0.0,0,0,0,0,0.0
5m,500,0.5,1.0,0.1,0.01,2,40,low,wa,0.0,0,0,0,0,0.0
5m,500,0.5,1.0,0.1,0.01,2,30,low,poc,0.0,0,0,0,0,0.0
5m,500,0.5,1.0,0.1,0.01,2,30,low,wa,0.0,0,0,0,0,0.0
5m,500,0.5,0.5,0.1,0.01,2,40,low,poc,0.0,0,0,0,0,0.0
5m,500,0.5,0.5,0.1,0.01,2,40,low,wa,0.0,0,0,0,0,0.0
5m,500,0.5,0.5,0.1,0.01,2,30,low,poc,0.0,0,0,0,0,0.0
5m,500,0.5,0.5,0.1,0.01,2,30,low,wa,0.0,0,0,0,0,0.0
5m,500,0.5,0.25,0.1,0.01,2,40,low,poc,0.0,0,0,0,0,0.0
5m,500,0.5,0.25,0.1,0.01,2,40,low,wa,0.0,0,0,0,0,0.0
5m,500,0.5,0.25,0.1,0.01,2,30,low,poc,0.0,0,0,0,0,0.0
5m,500,0.5,0.25,0.1,0.01,2,30,low,wa,0.0,0,0,0,0,0.0
15m,500,2.0,1.0,0.1,0.01,3,40,high,poc,0.0,0,0,0,0,0.0
15m,500,2.0,1.0,0.1,0.01,3,40,high,wa,0.0,0,0,0,0,0.0
15m,500,2.0,1.0,0.1,0.01,3,30,high,poc,0.0,0,0,0,0,0.0
15m,500,2.0,1.0,0.1,0.01,3,30,high,wa,0.0,0,0,0,0,0.0
15m,500,2.0,0.5,0.1,0.01,3,40,high,poc,0.0,0,0,0,0,0.0
15m,500,2.0,0.5,0.1,0.01,3,40,high,wa,0.0,0,0,0,0,0.0
15m,500,2.0,0.5,0.1,0.01,3,30,high,poc,0.0,0,0,0,0,0.0
15m,500,2.0,0.5,0.1,0.01,3,30,high,wa,0.0,0,0,0,0,0.0
15m,500,2.0,0.25,0.1,0.01,3,40,high,poc,0.0,0,0,0,0,0.0
15m,500,2.0,0.25,0.1,0.01,3,40,high,wa,0.0,0,0,0,0,0.0
15m,500,2.0,0.25,0.1,0.01,3,30,high,poc,0.0,0,0,0,0,0.0
15m,500,2.0,0.25,0.1,0.01,3,30,high,wa,0.0,0,0,0,0,0.0
15m,500,1.0,1.0,0.1,0.01,3,40,high,poc,0.0,0,0,0,0,0.0
15m,500,1.0,1.0,0.1,0.01,3,40,high,wa,0.0,0,0,0,0,0.0
15m,500,1.0,1.0,0.1,0.01,3,30,high,poc,0.0,0,0,0,0,0.0
15m,500,1.0,1.0,0.1,0.01,3,30,high,wa,0.0,0,0,0,0,0.0
15m,500,1.0,0.5,0.1,0.01,3,40,high,poc,0.0,0,0,0,0,0.0
15m,500,1.0,0.5,0.1,0.01,3,40,high,wa,0.0,0,0,0,0,0.0
15m,500,1.0,0.5,0.1,0.01,3,30,high,poc,0.0,0,0,0,0,0.0
15m,500,1.0,0.5,0.1,0.01,3,30,high,wa,0.0,0,0,0,0,0.0
15m,500,1.0,0.25,0.1,0.01,3,40,high,poc,0.0,0,0,0,0,0.0
15m,500,1.0,0.25,0.1,0.01,3,40,high,wa,0.0,0,0,0,0,0.0
15m,500,1.0,0.25,0.1,0.01,3,30,high,poc,0.0,0,0,0,0,0.0
15m,500,1.0,0.25,0.1,0.01,3,30,high,wa,0.0,0,0,0,0,0.0
15m,500,0.5,1.0,0.1,0.01,3,40,high,poc,0.0,0,0,0,0,0.0
15m,500,0.5,1.0,0.1,0.01,3,40,high,wa,0.0,0,0,0,0,0.0
15m,500,0.5,1.0,0.1,0.01,3,30,high,poc,0.0,0,0,0,0,0.0
15m,500,0.5,1.0,0.1,0.01,3,30,high,wa,0.0,0,0,0,0,0.0
15m,500,0.5,0.5,0.1,0.01,3,40,high,poc,0.0,0,0,0,0,0.0
15m,500,0.5,0.5,0.1,0.01,3,40,high,wa,0.0,0,0,0,0,0.0
15m,500,0.5,0.5,0.1,0.01,3,30,high,poc,0.0,0,0,0,0,0.0
15m,500,0.5,0.5,0.1,0.01,3,30,high,wa,0.0,0,0,0,0,0.0
15m,500,0.5,0.25,0.1,0.01,3,40,high,poc,0.0,0,0,0,0,0.0
15m,500,0.5,0.25,0.1,0.01,3,40,high,wa,0.0,0,0,0,0,0.0
15m,500,0.5,0.25,0.1,0.01,3,30,high,poc,0.0,0,0,0,0,0.0
15m,500,0.5,0.25,0.1,0.01,3,30,high,wa,0.0,0,0,0,0,0.0
15m,500,2.0,1.0,0.1,0.01,3,40,low,poc,0.0,0,0,0,0,0.0
15m,500,2.0,1.0,0.1,0.01,3,40,low,wa,0.0,0,0,0,0,0.0
15m,500,2.0,1.0,0.1,0.01,3,30,low,poc,0.0,0,0,0,0,0.0
15m,500,2.0,1.0,0.1,0.01,3,30,low,wa,0.0,0,0,0,0,0.0
15m,500,2.0,0.5,0.1,0.01,3,40,low,poc,0.0,0,0,0,0,0.0
15m,500,2.0,0.5,0.1,0.01,3,40,low,wa,0.0,0,0,0,0,0.0
15m,500,2.0,0.5,0.1,0.01,3,30,low,poc,0.0,0,0,0,0,0.0
15m,500,2.0,0.5,0.1,0.01,3,30,low,wa,0.0,0,0,0,0,0.0
15m,500,2.0,0.25,0.1,0.01,3,40,low,poc,0.0,0,0,0,0,0.0
15m,500,2.0,0.25,0.1,0.01,3,40,low,wa,0.0,0,0,0,0,0.0
15m,500,2.0,0.25,0.1,0.01,3,30,low,poc,0.0,0,0,0,0,0.0
15m,500,2.0,0.25,0.1,0.01,3,30,low,wa,0.0,0,0,0,0,0.0
15m,500,1.0,1.0,0.1,0.01,3,40,low,poc,0.0,0,0,0,0,0.0
15m,500,1.0,1.0,0.1,0.01,3,40,low,wa,0.0,0,0,0,0,0.0
15m,500,1.0,1.0,0.1,0.01,3,30,low,poc,0.0,0,0,0,0,0.0
15m,500,1.0,1.0,0.1,0.01,3,30,low,wa,0.0,0,0,0,0,0.0
15m,500,1.0,0.5,0.1,0.01,3,40,low,poc,0.0,0,0,0,0,0.0
15m,500,1.0,0.5,0.1,0.01,3,40,low,wa,0.0,0,0,0,0,0.0
15m,500,1.0,0.5,0.1,0.01,3,30,low,poc,0.0,0,0,0,0,0.0
15m,500,1.0,0.5,0.1,0.01,3,30,low,wa,0.0,0,0,0,0,0.0
15m,500,1.0,0.25,0.1,0.01,3,40,low,poc,0.0,0,0,0,0,0.0
15m,500,1.0,0.25,0.1,0.01,3,40,low,wa,0.0,0,0,0,0,0.0
15m,500,1.0,0.25,0.1,0.01,3,30,low,poc,0.0,0,0,0,0,0.0
15m,500,1.0,0.25,0.1,0.01,3,30,low,wa,0.0,0,0,0,0,0.0
15m,500,0.5,1.0,0.1,0.01,3,40,low,poc,0.0,0,0,0,0,0.0
15m,500,0.5,1.0,0.1,0.01,3,40,low,wa,0.0,0,0,0,0,0.0
15m,500,0.5,1.0,0.1,0.01,3,30,low,poc,0.0,0,0,0,0,0.0
15m,500,0.5,1.0,0.1,0.01,3,30,low,wa,0.0,0,0,0,0,0.0
15m,500,0.5,0.5,0.1,0.01,3,40,low,poc,0.0,0,0,0,0,0.0
15m,500,0.5,0.5,0.1,0.01,3,40,low,wa,0.0,0,0,0,0,0.0
15m,500,0.5,0.5,0.1,0.01,3,30,low,poc,0.0,0,0,0,0,0.0
15m,500,0.5,0.5,0.1,0.01,3,30,low,wa,0.0,0,0,0,0,0.0
15m,500,0.5,0.25,0.1,0.01,3,40,low,poc,0.0,0,0,0,0,0.0
15m,500,0.5,0.25,0.1,0.01,3,40,low,wa,0.0,0,0,0,0,0.0
15m,500,0.5,0.25,0.1,0.01,3,30,low,poc,0.0,0,0,0,0,0.0
15m,500,0.5,0.25,0.1,0.01,3,30,low,wa,0.0,0,0,0,0,0.0
5m,500,2.0,1.0,0.1,0.005,3,40,high,poc,0.0,0,0,0,0,0.0
5m,500,2.0,1.0,0.1,0.005,3,40,high,wa,0.0,0,0,0,0,0.0
5m,500,2.0,1.0,0.1,0.005,3,30,high,poc,0.0,0,0,0,0,0.0
5m,500,2.0,1.0,0.1,0.005,3,30,high,wa,0.0,0,0,0,0,0.0
5m,500,2.0,0.5,0.1,0.005,3,40,high,poc,0.0,0,0,0,0,0.0
5m,500,2.0,0.5,0.1,0.005,3,40,high,wa,0.0,0,0,0,0,0.0
5m,500,2.0,0.5,0.1,0.005,3,30,high,poc,0.0,0,0,0,0,0.0
5m,500,2.0,0.5,0.1,0.005,3,30,high,wa,0.0,0,0,0,0,0.0
5m,500,2.0,0.25,0.1,0.005,3,40,high,poc,0.0,0,0,0,0,0.0
5m,500,2.0,0.25,0.1,0.005,3,40,high,wa,0.0,0,0,0,0,0.0
5m,500,2.0,0.25,0.1,0.005,3,30,high,poc,0.0,0,0,0,0,0.0
5m,500,2.0,0.25,0.1,0.005,3,30,high,wa,0.0,0,0,0,0,0.0
5m,500,1.0,1.0,0.1,0.005,3,40,high,poc,0.0,0,0,0,0,0.0
5m,500,1.0,1.0,0.1,0.005,3,40,high,wa,0.0,0,0,0,0,0.0
5m,500,1.0,1.0,0.1,0.005,3,30,high,poc,0.0,0,0,0,0,0.0
5m,500,1.0,1.0,0.1,0.005,3,30,high,wa,0.0,0,0,0,0,0.0
5m,500,1.0,0.5,0.1,0.005,3,40,high,poc,0.0,0,0,0,0,0.0
5m,500,1.0,0.5,0.1,0.005,3,40,high,wa,0.0,0,0,0,0,0.0
5m,500,1.0,0.5,0.1,0.005,3,30,high,poc,0.0,0,0,0,0,0.0
5m,500,1.0,0.5,0.1,0.005,3,30,high,wa,0.0,0,0,0,0,0.0
5m,500,1.0,0.25,0.1,0.005,3,40,high,poc,0.0,0,0,0,0,0.0
5m,500,1.0,0.25,0.1,0.005,3,40,high,wa,0.0,0,0,0,0,0.0
5m,500,1.0,0.25,0.1,0.005,3,30,high,poc,0.0,0,0,0,0,0.0
5m,500,1.0,0.25,0.1,0.005,3,30,high,wa,0.0,0,0,0,0,0.0
5m,500,0.5,1.0,0.1,0.005,3,40,high,poc,0.0,0,0,0,0,0.0
5m,500,0.5,1.0,0.1,0.005,3,40,high,wa,0.0,0,0,0,0,0.0
5m,500,0.5,1.0,0.1,0.005,3,30,high,poc,0.0,0,0,0,0,0.0
5m,500,0.5,1.0,0.1,0.005,3,30,high,wa,0.0,0,0,0,0,0.0
5m,500,0.5,0.5,0.1,0.005,3,40,high,poc,0.0,0,0,0,0,0.0
5m,500,0.5,0.5,0.1,0.005,3,40,high,wa,0.0,0,0,0,0,0.0
5m,500,0.5,0.5,0.1,0.005,3,30,high,poc,0.0,0,0,0,0,0.0
5m,500,0.5,0.5,0.1,0.005,3,30,high,wa,0.0,0,0,0,0,0.0
5m,500,0.5,0.25,0.1,0.005,3,40,high,poc,0.0,0,0,0,0,0.0
5m,500,0.5,0.25,0.1,0.005,3,40,high,wa,0.0,0,0,0,0,0.0
5m,500,0.5,0.25,0.1,0.005,3,30,high,poc,0.0,0,0,0,0,0.0
5m,500,0.5,0.25,0.1,0.005,3,30,high,wa,0.0,0,0,0,0,0.0
5m,500,2.0,1.0,0.1,0.01,3,40,high,poc,0.0,0,0,0,0,0.0
5m,500,2.0,1.0,0.1,0.01,3,40,high,wa,0.0,0,0,0,0,0.0
5m,500,2.0,1.0,0.1,0.01,3,30,high,poc,0.0,0,0,0,0,0.0
5m,500,2.0,1.0,0.1,0.01,3,30,high,wa,0.0,0,0,0,0,0.0
5m,500,2.0,0.5,0.1,0.01,3,40,high,poc,0.0,0,0,0,0,0.0
5m,500,2.0,0.5,0.1,0.01,3,40,high,wa,0.0,0,0,0,0,0.0
5m,500,2.0,0.5,0.1,0.01,3,30,high,poc,0.0,0,0,0,0,0.0
5m,500,2.0,0.5,0.1,0.01,3,30,high,wa,0.0,0,0,0,0,0.0
5m,500,2.0,0.25,0.1,0.01,3,40,high,poc,0.0,0,0,0,0,0.0
5m,500,2.0,0.25,0.1,0.01,3,40,high,wa,0.0,0,0,0,0,0.0
5m,500,2.0,0.25,0.1,0.01,3,30,high,poc,0.0,0,0,0,0,0.0
5m,500,2.0,0.25,0.1,0.01,3,30,high,wa,0.0,0,0,0,0,0.0
5m,500,1.0,1.0,0.1,0.01,3,40,high,poc,0.0,0,0,0,0,0.0
5m,500,1.0,1.0,0.1,0.01,3,40,high,wa,0.0,0,0,0,0,0.0
5m,500,1.0,1.0,0.1,0.01,3,30,high,poc,0.0,0,0,0,0,0.0
5m,500,1.0,1.0,0.1,0.01,3,30,high,wa,0.0,0,0,0,0,0.0
5m,500,1.0,0.5,0.1,0.01,3,40,high,poc,0.0,0,0,0,0,0.0
5m,500,1.0,0.5,0.1,0.01,3,40,high,wa,0.0,0,0,0,0,0.0
5m,500,1.0,0.5,0.1,0.01,3,30,high,poc,0.0,0,0,0,0,0.0
5m,500,1.0,0.5,0.1,0.01,3,30,high,wa,0.0,0,0,0,0,0.0
5m,500,1.0,0.25,0.1,0.01,3,40,high,poc,0.0,0,0,0,0,0.0
5m,500,1.0,0.25,0.1,0.01,3,40,high,wa,0.0,0,0,0,0,0.0
5m,500,1.0,0.25,0.1,0.01,3,30,high,poc,0.0,0,0,0,0,0.0
5m,500,1.0,0.25,0.1,0.01,3,30,high,wa,0.0,0,0,0,0,0.0
5m,500,0.5,1.0,0.1,0.01,3,40,high,poc,0.0,0,0,0,0,0.0
5m,500,0.5,1.0,0.1,0.01,3,40,high,wa,0.0,0,0,0,0,0.0
5m,500,0.5,1.0,0.1,0.01,3,30,high,poc,0.0,0,0,0,0,0.0
5m,500,0.5,1.0,0.1,0.01,3,30,high,wa,0.0,0,0,0,0,0.0
5m,500,0.5,0.5,0.1,0.01,3,40,high,poc,0.0,0,0,0,0,0.0
5m,500,0.5,0.5,0.1,0.01,3,40,high,wa,0.0,0,0,0,0,0.0
5m,500,0.5,0.5,0.1,0.01,3,30,high,poc,0.0,0,0,0,0,0.0
5m,500,0.5,0.5,0.1,0.01,3,30,high,wa,0.0,0,0,0,0,0.0
5m,500,0.5,0.25,0.1,0.01,3,40,high,poc,0.0,0,0,0,0,0.0
5m,500,0.5,0.25,0.1,0.01,3,40,high,wa,0.0,0,0,0,0,0.0
5m,500,0.5,0.25,0.1,0.01,3,30,high,poc,0.0,0,0,0,0,0.0
5m,500,0.5,0.25,0.1,0.01,3,30,high,wa,0.0,0,0,0,0,0.0
5m,500,2.0,1.0,0.1,0.005,3,40,low,poc,0.0,0,0,0,0,0.0
5m,500,2.0,1.0,0.1,0.005,3,40,low,wa,0.0,0,0,0,0,0.0
5m,500,2.0,1.0,0.1,0.005,3,30,low,poc,0.0,0,0,0,0,0.0
5m,500,2.0,1.0,0.1,0.005,3,30,low,wa,0.0,0,0,0,0,0.0
5m,500,2.0,0.5,0.1,0.005,3,40,low,poc,0.0,0,0,0,0,0.0
5m,500,2.0,0.5,0.1,0.005,3,40,low,wa,0.0,0,0,0,0,0.0
5m,500,2.0,0.5,0.1,0.005,3,30,low,poc,0.0,0,0,0,0,0.0
5m,500,2.0,0.5,0.1,0.005,3,30,low,wa,0.0,0,0,0,0,0.0
5m,500,2.0,0.25,0.1,0.005,3,40,low,poc,0.0,0,0,0,0,0.0
5m,500,2.0,0.25,0.1,0.005,3,40,low,wa,0.0,0,0,0,0,0.0
5m,500,2.0,0.25,0.1,0.005,3,30,low,poc,0.0,0,0,0,0,0.0
5m,500,2.0,0.25,0.1,0.005,3,30,low,wa,0.0,0,0,0,0,0.0
5m,500,1.0,1.0,0.1,0.005,3,40,low,poc,0.0,0,0,0,0,0.0
5m,500,1.0,1.0,0.1,0.005,3,40,low,wa,0.0,0,0,0,0,0.0
5m,500,1.0,1.0,0.1,0.005,3,30,low,poc,0.0,0,0,0,0,0.0
5m,500,1.0,1.0,0.1,0.005,3,30,low,wa,0.0,0,0,0,0,0.0
5m,500,1.0,0.5,0.1,0.005,3,40,low,poc,0.0,0,0,0,0,0.0
5m,500,1.0,0.5,0.1,0.005,3,40,low,wa,0.0,0,0,0,0,0.0
5m,500,1.0,0.5,0.1,0.005,3,30,low,poc,0.0,0,0,0,0,0.0
5m,500,1.0,0.5,0.1,0.005,3,30,low,wa,0.0,0,0,0,0,0.0
5m,500,1.0,0.25,0.1,0.005,3,40,low,poc,0.0,0,0,0,0,0.0
5m,500,1.0,0.25,0.1,0.005,3,40,low,wa,0.0,0,0,0,0,0.0
5m,500,1.0,0.25,0.1,0.005,3,30,low,poc,0.0,0,0,0,0,0.0
5m,500,1.0,0.25,0.1,0.005,3,30,low,wa,0.0,0,0,0,0,0.0
5m,500,0.5,1.0,0.1,0.005,3,40,low,poc,0.0,0,0,0,0,0.0
5m,500,0.5,1.0,0.1,0.005,3,40,low,wa,0.0,0,0,0,0,0.0
5m,500,0.5,1.0,0.1,0.005,3,30,low,poc,0.0,0,0,0,0,0.0
5m,500,0.5,1.0,0.1,0.005,3,30,low,wa,0.0,0,0,0,0,0.0
5m,500,0.5,0.5,0.1,0.005,3,40,low,poc,0.0,0,0,0,0,0.0
5m,500,0.5,0.5,0.1,0.005,3,40,low,wa,0.0,0,0,0,0,0.0
5m,500,0.5,0.5,0.1,0.005,3,30,low,poc,0.0,0,0,0,0,0.0
5m,500,0.5,0.5,0.1,0.005,3,30,low,wa,0.0,0,0,0,0,0.0
5m,500,0.5,0.25,0.1,0.005,3,40,low,poc,0.0,0,0,0,0,0.0
5m,500,0.5,0.25,0.1,0.005,3,40,low,wa,0.0,0,0,0,0,0.0
5m,500,0.5,0.25,0.1,0.005,3,30,low,poc,0.0,0,0,0,0,0.0
5m,500,0.5,0.25,0.1,0.005,3,30,low,wa,0.0,0,0,0,0,0.0
5m,500,2.0,1.0,0.1,0.01,3,40,low,poc,0.0,0,0,0,0,0.0
5m,500,2.0,1.0,0.1,0.01,3,40,low,wa,0.0,0,0,0,0,0.0
5m,500,2.0,1.0,0.1,0.01,3,30,low,poc,0.0,0,0,0,0,0.0
5m,500,2.0,1.0,0.1,0.01,3,30,low,wa,0.0,0,0,0,0,0.0
5m,500,2.0,0.5,0.1,0.01,3,40,low,poc,0.0,0,0,0,0,0.0
5m,500,2.0,0.5,0.1,0.01,3,40,low,wa,0.0,0,0,0,0,0.0
5m,500,2.0,0.5,0.1,0.01,3,30,low,poc,0.0,0,0,0,0,0.0
5m,500,2.0,0.5,0.1,0.01,3,30,low,wa,0.0,0,0,0,0,0.0
5m,500,2.0,0.25,0.1,0.01,3,40,low,poc,0.0,0,0,0,0,0.0
5m,500,2.0,0.25,0.1,0.01,3,40,low,wa,0.0,0,0,0,0,0.0
5m,500,2.0,0.25,0.1,0.01,3,30,low,poc,0.0,0,0,0,0,0.0
5m,500,2.0,0.25,0.1,0.01,3,30,low,wa,0.0,0,0,0,0,0.0
5m,500,1.0,1.0,0.1,0.01,3,40,low,poc,0.0,0,0,0,0,0.0
5m,500,1.0,1.0,0.1,0.01,3,40,low,wa,0.0,0,0,0,0,0.0
5m,500,1.0,1.0,0.1,0.01,3,30,low,poc,0.0,0,0,0,0,0.0
5m,500,1.0,1.0,0.1,0.01,3,30,low,wa,0.0,0,0,0,0,0.0
5m,500,1.0,0.5,0.1,0.01,3,40,low,poc,0.0,0,0,0,0,0.0
5m,500,1.0,0.5,0.1,0.01,3,40,low,wa,0.0,0,0,0,0,0.0
5m,500,1.0,0.5,0.1,0.01,3,30,low,poc,0.0,0,0,0,0,0.0
5m,500,1.0,0.5,0.1,0.01,3,30,low,wa,0.0,0,0,0,0,0.0
5m,500,1.0,0.25,0.1,0.01,3,40,low,poc,0.0,0,0,0,0,0.0
5m,500,1.0,0.25,0.1,0.01,3,40,low,wa,0.0,0,0,0,0,0.0
5m,500,1.0,0.25,0.1,0.01,3,30,low,poc,0.0,0,0,0,0,0.0
5m,500,1.0,0.25,0.1,0.01,3,30,low,wa,0.0,0,0,0,0,0.0
5m,500,0.5,1.0,0.1,0.01,3,40,low,poc,0.0,0,0,0,0,0.0
5m,500,0.5,1.0,0.1,0.01,3,40,low,wa,0.0,0,0,0,0,0.0
5m,500,0.5,1.0,0.1,0.01,3,30,low,poc,0.0,0,0,0,0,0.0
5m,500,0.5,1.0,0.1,0.01,3,30,low,wa,0.0,0,0,0,0,0.0
5m,500,0.5,0.5,0.1,0.01,3,40,low,poc,0.0,0,0,0,0,0.0
5m,500,0.5,0.5,0.1,0.01,3,40,low,wa,0.0,0,0,0,0,0.0
5m,500,0.5,0.5,0.1,0.01,3,30,low,poc,0.0,0,0,0,0,0.0
5m,500,0.5,0.5,0.1,0.01,3,30,low,wa,0.0,0,0,0,0,0.0
5m,500,0.5,0.25,0.1,0.01,3,40,low,poc,0.0,0,0,0,0,0.0
5m,500,0.5,0.25,0.1,0.01,3,40,low,wa,0.0,0,0,0,0,0.0
5m,500,0.5,0.25,0.1,0.01,3,30,low,poc,0.0,0,0,0,0,0.0
5m,500,0.5,0.25,0.1,0.01,3,30,low,wa,0.0,0,0,0,0,0.0
15m,500,2.0,1.0,0.1,0.01,4,40,low,poc,0.0,0,0,0,0,0.0
15m,500,2.0,1.0,0.1,0.01,4,40,low,wa,0.0,0,0,0,0,0.0
15m,500,2.0,1.0,0.1,0.01,4,30,low,poc,0.0,0,0,0,0,0.0
15m,500,2.0,1.0,0.1,0.01,4,30,low,wa,0.0,0,0,0,0,0.0
15m,500,2.0,0.5,0.1,0.01,4,40,low,poc,0.0,0,0,0,0,0.0
15m,500,2.0,0.5,0.1,0.01,4,40,low,wa,0.0,0,0,0,0,0.0
15m,500,2.0,0.5,0.1,0.01,4,30,low,poc,0.0,0,0,0,0,0.0
15m,500,2.0,0.5,0.1,0.01,4,30,low,wa,0.0,0,0,0,0,0.0
15m,500,2.0,0.25,0.1,0.01,4,40,low,poc,0.0,0,0,0,0,0.0
15m,500,2.0,0.25,0.1,0.01,4,40,low,wa,0.0,0,0,0,0,0.0
15m,500,2.0,0.25,0.1,0.01,4,30,low,poc,0.0,0,0,0,0,0.0
15m,500,2.0,0.25,0.1,0.01,4,30,low,wa,0.0,0,0,0,0,0.0
15m,500,1.0,1.0,0.1,0.01,4,40,low,poc,0.0,0,0,0,0,0.0
15m,500,1.0,1.0,0.1,0.01,4,40,low,wa,0.0,0,0,0,0,0.0
15m,500,1.0,1.0,0.1,0.01,4,30,low,poc,0.0,0,0,0,0,0.0
15m,500,1.0,1.0,0.1,0.01,4,30,low,wa,0.0,0,0,0,0,0.0
15m,500,1.0,0.5,0.1,0.01,4,40,low,poc,0.0,0,0,0,0,0.0
15m,500,1.0,0.5,0.1,0.01,4,40,low,wa,0.0,0,0,0,0,0.0
15m,500,1.0,0.5,0.1,0.01,4,30,low,poc,0.0,0,0,0,0,0.0
15m,500,1.0,0.5,0.1,0.01,4,30,low,wa,0.0,0,0,0,0,0.0
15m,500,1.0,0.25,0.1,0.01,4,40,low,poc,0.0,0,0,0,0,0.0
15m,500,1.0,0.25,0.1,0.01,4,40,low,wa,0.0,0,0,0,0,0.0
15m,500,1.0,0.25,0.1,0.01,4,30,low,poc,0.0,0,0,0,0,0.0
15m,500,1.0,0.25,0.1,0.01,4,30,low,wa,0.0,0,0,0,0,0.0
15m,500,0.5,1.0,0.1,0.01,4,40,low,poc,0.0,0,0,0,0,0.0
15m,500,0.5,1.0,0.1,0.01,4,40,low,wa,0.0,0,0,0,0,0.0
15m,500,0.5,1.0,0.1,0.01,4,30,low,poc,0.0,0,0,0,0,0.0
15m,500,0.5,1.0,0.1,0.01,4,30,low,wa,0.0,0,0,0,0,0.0
15m,500,0.5,0.5,0.1,0.01,4,40,low,poc,0.0,0,0,0,0,0.0
15m,500,0.5,0.5,0.1,0.01,4,40,low,wa,0.0,0,0,0,0,0.0
15m,500,0.5,0.5,0.1,0.01,4,30,low,poc,0.0,0,0,0,0,0.0
15m,500,0.5,0.5,0.1,0.01,4,30,low,wa,0.0,0,0,0,0,0.0
15m,500,0.5,0.25,0.1,0.01,4,40,low,poc,0.0,0,0,0,0,0.0
15m,500,0.5,0.25,0.1,0.01,4,40,low,wa,0.0,0,0,0,0,0.0
15m,500,0.5,0.25,0.1,0.01,4,30,low,poc,0.0,0,0,0,0,0.0
15m,500,0.5,0.25,0.1,0.01,4,30,low,wa,0.0,0,0,0,0,0.0
5m,500,2.0,1.0,0.1,0.005,4,40,high,poc,0.0,0,0,0,0,0.0
5m,500,2.0,1.0,0.1,0.005,4,40,high,wa,0.0,0,0,0,0,0.0
5m,500,2.0,1.0,0.1,0.005,4,30,high,poc,0.0,0,0,0,0,0.0
5m,500,2.0,1.0,0.1,0.005,4,30,high,wa,0.0,0,0,0,0,0.0
5m,500,2.0,0.5,0.1,0.005,4,40,high,poc,0.0,0,0,0,0,0.0
5m,500,2.0,0.5,0.1,0.005,4,40,high,wa,0.0,0,0,0,0,0.0
5m,500,2.0,0.5,0.1,0.005,4,30,high,poc,0.0,0,0,0,0,0.0
5m,500,2.0,0.5,0.1,0.005,4,30,high,wa,0.0,0,0,0,0,0.0
5m,500,2.0,0.25,0.1,0.005,4,40,high,poc,0.0,0,0,0,0,0.0
5m,500,2.0,0.25,0.1,0.005,4,40,high,wa,0.0,0,0,0,0,0.0
5m,500,2.0,0.25,0.1,0.005,4,30,high,poc,0.0,0,0,0,0,0.0
5m,500,2.0,0.25,0.1,0.005,4,30,high,wa,0.0,0,0,0,0,0.0
5m,500,1.0,1.0,0.1,0.005,4,40,high,poc,0.0,0,0,0,0,0.0
5m,500,1.0,1.0,0.1,0.005,4,40,high,wa,0.0,0,0,0,0,0.0
5m,500,1.0,1.0,0.1,0.005,4,30,high,poc,0.0,0,0,0,0,0.0
5m,500,1.0,1.0,0.1,0.005,4,30,high,wa,0.0,0,0,0,0,0.0
5m,500,1.0,0.5,0.1,0.005,4,40,high,poc,0.0,0,0,0,0,0.0
5m,500,1.0,0.5,0.1,0.005,4,40,high,wa,0.0,0,0,0,0,0.0
5m,500,1.0,0.5,0.1,0.005,4,30,high,poc,0.0,0,0,0,0,0.0
5m,500,1.0,0.5,0.1,0.005,4,30,high,wa,0.0,0,0,0,0,0.0
5m,500,1.0,0.25,0.1,0.005,4,40,high,poc,0.0,0,0,0,0,0.0
5m,500,1.0,0.25,0.1,0.005,4,40,high,wa,0.0,0,0,0,0,0.0
5m,500,1.0,0.25,0.1,0.005,4,30,high,poc,0.0,0,0,0,0,0.0
5m,500,1.0,0.25,0.1,0.005,4,30,high,wa,0.0,0,0,0,0,0.0
5m,500,0.5,1.0,0.1,0.005,4,40,high,poc,0.0,0,0,0,0,0.0
5m,500,0.5,1.0,0.1,0.005,4,40,high,wa,0.0,0,0,0,0,0.0
5m,500,0.5,1.0,0.1,0.005,4,30,high,poc,0.0,0,0,0,0,0.0
5m,500,0.5,1.0,0.1,0.005,4,30,high,wa,0.0,0,0,0,0,0.0
5m,500,0.5,0.5,0.1,0.005,4,40,high,poc,0.0,0,0,0,0,0.0
5m,500,0.5,0.5,0.1,0.005,4,40,high,wa,0.0,0,0,0,0,0.0
5m,500,0.5,0.5,0.1,0.005,4,30,high,poc,0.0,0,0,0,0,0.0
5m,500,0.5,0.5,0.1,0.005,4,30,high,wa,0.0,0,0,0,0,0.0
5m,500,0.5,0.25,0.1,0.005,4,40,high,poc,0.0,0,0,0,0,0.0
5m,500,0.5,0.25,0.1,0.005,4,40,high,wa,0.0,0,0,0,0,0.0
5m,500,0.5,0.25,0.1,0.005,4,30,high,poc,0.0,0,0,0,0,0.0
5m,500,0.5,0.25,0.1,0.005,4,30,high,wa,0.0,0,0,0,0,0.0
5m,500,2.0,1.0,0.1,0.01,4,40,high,poc,0.0,0,0,0,0,0.0
5m,500,2.0,1.0,0.1,0.01,4,40,high,wa,0.0,0,0,0,0,0.0
5m,500,2.0,1.0,0.1,0.01,4,30,high,poc,0.0,0,0,0,0,0.0
5m,500,2.0,1.0,0.1,0.01,4,30,high,wa,0.0,0,0,0,0,0.0
5m,500,2.0,0.5,0.1,0.01,4,40,high,poc,0.0,0,0,0,0,0.0
5m,500,2.0,0.5,0.1,0.01,4,40,high,wa,0.0,0,0,0,0,0.0
5m,500,2.0,0.5,0.1,0.01,4,30,high,poc,0.0,0,0,0,0,0.0
5m,500,2.0,0.5,0.1,0.01,4,30,high,wa,0.0,0,0,0,0,0.0
5m,500,2.0,0.25,0.1,0.01,4,40,high,poc,0.0,0,0,0,0,0.0
5m,500,2.0,0.25,0.1,0.01,4,40,high,wa,0.0,0,0,0,0,0.0
5m,500,2.0,0.25,0.1,0.01,4,30,high,poc,0.0,0,0,0,0,0.0
5m,500,2.0,0.25,0.1,0.01,4,30,high,wa,0.0,0,0,0,0,0.0
5m,500,1.0,1.0,0.1,0.01,4,40,high,poc,0.0,0,0,0,0,0.0
5m,500,1.0,1.0,0.1,0.01,4,40,high,wa,0.0,0,0,0,0,0.0
5m,500,1.0,1.0,0.1,0.01,4,30,high,poc,0.0,0,0,0,0,0.0
5m,500,1.0,1.0,0.1,0.01,4,30,high,wa,0.0,0,0,0,0,0.0
5m,500,1.0,0.5,0.1,0.01,4,40,high,poc,0.0,0,0,0,0,0.0
5m,500,1.0,0.5,0.1,0.01,4,40,high,wa,0.0,0,0,0,0,0.0
5m,500,1.0,0.5,0.1,0.01,4,30,high,poc,0.0,0,0,0,0,0.0
5m,500,1.0,0.5,0.1,0.01,4,30,high,wa,0.0,0,0,0,0,0.0
5m,500,1.0,0.25,0.1,0.01,4,40,high,poc,0.0,0,0,0,0,0.0
5m,500,1.0,0.25,0.1,0.01,4,40,high,wa,0.0,0,0,0,0,0.0
5m,500,1.0,0.25,0.1,0.01,4,30,high,poc,0.0,0,0,0,0,0.0
5m,500,1.0,0.25,0.1,0.01,4,30,high,wa,0.0,0,0,0,0,0.0
5m,500,0.5,1.0,0.1,0.01,4,40,high,poc,0.0,0,0,0,0,0.0
5m,500,0.5,1.0,0.1,0.01,4,40,high,wa,0.0,0,0,0,0,0.0
5m,500,0.5,1.0,0.1,0.01,4,30,high,poc,0.0,0,0,0,0,0.0
5m,500,0.5,1.0,0.1,0.01,4,30,high,wa,0.0,0,0,0,0,0.0
5m,500,0.5,0.5,0.1,0.01,4,40,high,poc,0.0,0,0,0,0,0.0
5m,500,0.5,0.5,0.1,0.01,4,40,high,wa,0.0,0,0,0,0,0.0
5m,500,0.5,0.5,0.1,0.01,4,30,high,poc,0.0,0,0,0,0,0.0
5m,500,0.5,0.5,0.1,0.01,4,30,high,wa,0.0,0,0,0,0,0.0
5m,500,0.5,0.25,0.1,0.01,4,40,high,poc,0.0,0,0,0,0,0.0
5m,500,0.5,0.25,0.1,0.01,4,40,high,wa,0.0,0,0,0,0,0.0
5m,500,0.5,0.25,0.1,0.01,4,30,high,poc,0.0,0,0,0,0,0.0
5m,500,0.5,0.25,0.1,0.01,4,30,high,wa,0.0,0,0,0,0,0.0
5m,500,2.0,1.0,0.1,0.005,4,40,low,poc,0.0,0,0,0,0,0.0
5m,500,2.0,1.0,0.1,0.005,4,40,low,wa,0.0,0,0,0,0,0.0
5m,500,2.0,1.0,0.1,0.005,4,30,low,poc,0.0,0,0,0,0,0.0
5m,500,2.0,1.0,0.1,0.005,4,30,low,wa,0.0,0,0,0,0,0.0
5m,500,2.0,0.5,0.1,0.005,4,40,low,poc,0.0,0,0,0,0,0.0
5m,500,2.0,0.5,0.1,0.005,4,40,low,wa,0.0,0,0,0,0,0.0
5m,500,2.0,0.5,0.1,0.005,4,30,low,poc,0.0,0,0,0,0,0.0
5m,500,2.0,0.5,0.1,0.005,4,30,low,wa,0.0,0,0,0,0,0.0
5m,500,2.0,0.25,0.1,0.005,4,40,low,poc,0.0,0,0,0,0,0.0
5m,500,2.0,0.25,0.1,0.005,4,40,low,wa,0.0,0,0,0,0,0.0
5m,500,2.0,0.25,0.1,0.005,4,30,low,poc,0.0,0,0,0,0,0.0
5m,500,2.0,0.25,0.1,0.005,4,30,low,wa,0.0,0,0,0,0,0.0
5m,500,1.0,1.0,0.1,0.005,4,40,low,poc,0.0,0,0,0,0,0.0
5m,500,1.0,1.0,0.1,0.005,4,40,low,wa,0.0,0,0,0,0,0.0
5m,500,1.0,1.0,0.1,0.005,4,30,low,poc,0.0,0,0,0,0,0.0
5m,500,1.0,1.0,0.1,0.005,4,30,low,wa,0.0,0,0,0,0,0.0
5m,500,1.0,0.5,0.1,0.005,4,40,low,poc,0.0,0,0,0,0,0.0
5m,500,1.0,0.5,0.1,0.005,4,40,low,wa,0.0,0,0,0,0,0.0
5m,500,1.0,0.5,0.1,0.005,4,30,low,poc,0.0,0,0,0,0,0.0
5m,500,1.0,0.5,0.1,0.005,4,30,low,wa,0.0,0,0,0,0,0.0
5m,500,1.0,0.25,0.1,0.005,4,40,low,poc,0.0,0,0,0,0,0.0
5m,500,1.0,0.25,0.1,0.005,4,40,low,wa,0.0,0,0,0,0,0.0
5m,500,1.0,0.25,0.1,0.005,4,30,low,poc,0.0,0,0,0,0,0.0
5m,500,1.0,0.25,0.1,0.005,4,30,low,wa,0.0,0,0,0,0,0.0
5m,500,0.5,1.0,0.1,0.005,4,40,low,poc,0.0,0,0,0,0,0.0
5m,500,0.5,1.0,0.1,0.005,4,40,low,wa,0.0,0,0,0,0,0.0
5m,500,0.5,1.0,0.1,0.005,4,30,low,poc,0.0,0,0,0,0,0.0
5m,500,0.5,1.0,0.1,0.005,4,30,low,wa,0.0,0,0,0,0,0.0
5m,500,0.5,0.5,0.1,0.005,4,40,low,poc,0.0,0,0,0,0,0.0
5m,500,0.5,0.5,0.1,0.005,4,40,low,wa,0.0,0,0,0,0,0.0
5m,500,0.5,0.5,0.1,0.005,4,30,low,poc,0.0,0,0,0,0,0.0
5m,500,0.5,0.5,0.1,0.005,4,30,low,wa,0.0,0,0,0,0,0.0
5m,500,0.5,0.25,0.1,0.005,4,40,low,poc,0.0,0,0,0,0,0.0
5m,500,0.5,0.25,0.1,0.005,4,40,low,wa,0.0,0,0,0,0,0.0
5m,500,0.5,0.25,0.1,0.005,4,30,low,poc,0.0,0,0,0,0,0.0
5m,500,0.5,0.25,0.1,0.005,4,30,low,wa,0.0,0,0,0,0,0.0
5m,500,2.0,1.0,0.1,0.01,4,40,low,poc,0.0,0,0,0,0,0.0
5m,500,2.0,1.0,0.1,0.01,4,40,low,wa,0.0,0,0,0,0,0.0
5m,500,2.0,1.0,0.1,0.01,4,30,low,poc,0.0,0,0,0,0,0.0
5m,500,2.0,1.0,0.1,0.01,4,30,low,wa,0.0,0,0,0,0,0.0
5m,500,2.0,0.5,0.1,0.01,4,40,low,poc,0.0,0,0,0,0,0.0
5m,500,2.0,0.5,0.1,0.01,4,40,low,wa,0.0,0,0,0,0,0.0
5m,500,2.0,0.5,0.1,0.01,4,30,low,poc,0.0,0,0,0,0,0.0
5m,500,2.0,0.5,0.1,0.01,4,30,low,wa,0.0,0,0,0,0,0.0
5m,500,2.0,0.25,0.1,0.01,4,40,low,poc,0.0,0,0,0,0,0.0
5m,500,2.0,0.25,0.1,0.01,4,40,low,wa,0.0,0,0,0,0,0.0
5m,500,2.0,0.25,0.1,0.01,4,30,low,poc,0.0,0,0,0,0,0.0
5m,500,2.0,0.25,0.1,0.01,4,30,low,wa,0.0,0,0,0,0,0.0
5m,500,1.0,1.0,0.1,0.01,4,40,low,poc,0.0,0,0,0,0,0.0
5m,500,1.0,1.0,0.1,0.01,4,40,low,wa,0.0,0,0,0,0,0.0
5m,500,1.0,1.0,0.1,0.01,4,30,low,poc,0.0,0,0,0,0,0.0
5m,500,1.0,1.0,0.1,0.01,4,30,low,wa,0.0,0,0,0,0,0.0
5m,500,1.0,0.5,0.1,0.01,4,40,low,poc,0.0,0,0,0,0,0.0
5m,500,1.0,0.5,0.1,0.01,4,40,low,wa,0.0,0,0,0,0,0.0
5m,500,1.0,0.5,0.1,0.01,4,30,low,poc,0.0,0,0,0,0,0.0
5m,500,1.0,0.5,0.1,0.01,4,30,low,wa,0.0,0,0,0,0,0.0
5m,500,1.0,0.25,0.1,0.01,4,40,low,poc,0.0,0,0,0,0,0.0
5m,500,1.0,0.25,0.1,0.01,4,40,low,wa,0.0,0,0,0,0,0.0
5m,500,1.0,0.25,0.1,0.01,4,30,low,poc,0.0,0,0,0,0,0.0
5m,500,1.0,0.25,0.1,0.01,4,30,low,wa,0.0,0,0,0,0,0.0
5m,500,0.5,1.0,0.1,0.01,4,40,low,poc,0.0,0,0,0,0,0.0
5m,500,0.5,1.0,0.1,0.01,4,40,low,wa,0.0,0,0,0,0,0.0
5m,500,0.5,1.0,0.1,0.01,4,30,low,poc,0.0,0,0,0,0,0.0
5m,500,0.5,1.0,0.1,0.01,4,30,low,wa,0.0,0,0,0,0,0.0
5m,500,0.5,0.5,0.1,0.01,4,40,low,poc,0.0,0,0,0,0,0.0
5m,500,0.5,0.5,0.1,0.01,4,40,low,wa,0.0,0,0,0,0,0.0
5m,500,0.5,0.5,0.1,0.01,4,30,low,poc,0.0,0,0,0,0,0.0
5m,500,0.5,0.5,0.1,0.01,4,30,low,wa,0.0,0,0,0,0,0.0
5m,500,0.5,0.25,0.1,0.01,4,40,low,poc,0.0,0,0,0,0,0.0
5m,500,0.5,0.25,0.1,0.01,4,40,low,wa,0.0,0,0,0,0,0.0
5m,500,0.5,0.25,0.1,0.01,4,30,low,poc,0.0,0,0,0,0,0.0
5m,500,0.5,0.25,0.1,0.01,4,30,low,wa,0.0,0,0,0,0,0.0
15m,500,2.0,1.0,0.1,0.01,5,40,low,poc,0.0,0,0,0,0,0.0
15m,500,2.0,1.0,0.1,0.01,5,40,low,wa,0.0,0,0,0,0,0.0
15m,500,2.0,1.0,0.1,0.01,5,30,low,poc,0.0,0,0,0,0,0.0
15m,500,2.0,1.0,0.1,0.01,5,30,low,wa,0.0,0,0,0,0,0.0
15m,500,2.0,0.5,0.1,0.01,5,40,low,poc,0.0,0,0,0,0,0.0
15m,500,2.0,0.5,0.1,0.01,5,40,low,wa,0.0,0,0,0,0,0.0
15m,500,2.0,0.5,0.1,0.01,5,30,low,poc,0.0,0,0,0,0,0.0
15m,500,2.0,0.5,0.1,0.01,5,30,low,wa,0.0,0,0,0,0,0.0
15m,500,2.0,0.25,0.1,0.01,5,40,low,poc,0.0,0,0,0,0,0.0
15m,500,2.0,0.25,0.1,0.01,5,40,low,wa,0.0,0,0,0,0,0.0
15m,500,2.0,0.25,0.1,0.01,5,30,low,poc,0.0,0,0,0,0,0.0
15m,500,2.0,0.25,0.1,0.01,5,30,low,wa,0.0,0,0,0,0,0.0
15m,500,1.0,1.0,0.1,0.01,5,40,low,poc,0.0,0,0,0,0,0.0
15m,500,1.0,1.0,0.1,0.01,5,40,low,wa,0.0,0,0,0,0,0.0
15m,500,1.0,1.0,0.1,0.01,5,30,low,poc,0.0,0,0,0,0,0.0
15m,500,1.0,1.0,0.1,0.01,5,30,low,wa,0.0,0,0,0,0,0.0
15m,500,1.0,0.5,0.1,0.01,5,40,low,poc,0.0,0,0,0,0,0.0
15m,500,1.0,0.5,0.1,0.01,5,40,low,wa,0.0,0,0,0,0,0.0
15m,500,1.0,0.5,0.1,0.01,5,30,low,poc,0.0,0,0,0,0,0.0
15m,500,1.0,0.5,0.1,0.01,5,30,low,wa,0.0,0,0,0,0,0.0
15m,500,1.0,0.25,0.1,0.01,5,40,low,poc,0.0,0,0,0,0,0.0
15m,500,1.0,0.25,0.1,0.01,5,40,low,wa,0.0,0,0,0,0,0.0
15m,500,1.0,0.25,0.1,0.01,5,30,low,poc,0.0,0,0,0,0,0.0
15m,500,1.0,0.25,0.1,0.01,5,30,low,wa,0.0,0,0,0,0,0.0
15m,500,0.5,1.0,0.1,0.01,5,40,low,poc,0.0,0,0,0,0,0.0
15m,500,0.5,1.0,0.1,0.01,5,40,low,wa,0.0,0,0,0,0,0.0
15m,500,0.5,1.0,0.1,0.01,5,30,low,poc,0.0,0,0,0,0,0.0
15m,500,0.5,1.0,0.1,0.01,5,30,low,wa,0.0,0,0,0,0,0.0
15m,500,0.5,0.5,0.1,0.01,5,40,low,poc,0.0,0,0,0,0,0.0
15m,500,0.5,0.5,0.1,0.01,5,40,low,wa,0.0,0,0,0,0,0.0
15m,500,0.5,0.5,0.1,0.01,5,30,low,poc,0.0,0,0,0,0,0.0
15m,500,0.5,0.5,0.1,0.01,5,30,low,wa,0.0,0,0,0,0,0.0
15m,500,0.5,0.25,0.1,0.01,5,40,low,poc,0.0,0,0,0,0,0.0
15m,500,0.5,0.25,0.1,0.01,5,40,low,wa,0.0,0,0,0,0,0.0
15m,500,0.5,0.25,0.1,0.01,5,30,low,poc,0.0,0,0,0,0,0.0
15m,500,0.5,0.25,0.1,0.01,5,30,low,wa,0.0,0,0,0,0,0.0
5m,500,2.0,1.0,0.1,0.005,5,40,high,poc,0.0,0,0,0,0,0.0
5m,500,2.0,1.0,0.1,0.005,5,40,high,wa,0.0,0,0,0,0,0.0
5m,500,2.0,1.0,0.1,0.005,5,30,high,poc,0.0,0,0,0,0,0.0
5m,500,2.0,1.0,0.1,0.005,5,30,high,wa,0.0,0,0,0,0,0.0
5m,500,2.0,0.5,0.1,0.005,5,40,high,poc,0.0,0,0,0,0,0.0
5m,500,2.0,0.5,0.1,0.005,5,40,high,wa,0.0,0,0,0,0,0.0
5m,500,2.0,0.5,0.1,0.005,5,30,high,poc,0.0,0,0,0,0,0.0
5m,500,2.0,0.5,0.1,0.005,5,30,high,wa,0.0,0,0,0,0,0.0
5m,500,2.0,0.25,0.1,0.005,5,40,high,poc,0.0,0,0,0,0,0.0
5m,500,2.0,0.25,0.1,0.005,5,40,high,wa,0.0,0,0,0,0,0.0
5m,500,2.0,0.25,0.1,0.005,5,30,high,poc,0.0,0,0,0,0,0.0
5m,500,2.0,0.25,0.1,0.005,5,30,high,wa,0.0,0,0,0,0,0.0
5m,500,1.0,1.0,0.1,0.005,5,40,high,poc,0.0,0,0,0,0,0.0
5m,500,1.0,1.0,0.1,0.005,5,40,high,wa,0.0,0,0,0,0,0.0
5m,500,1.0,1.0,0.1,0.005,5,30,high,poc,0.0,0,0,0,0,0.0
5m,500,1.0,1.0,0.1,0.005,5,30,high,wa,0.0,0,0,0,0,0.0
5m,500,1.0,0.5,0.1,0.005,5,40,high,poc,0.0,0,0,0,0,0.0
5m,500,1.0,0.5,0.1,0.005,5,40,high,wa,0.0,0,0,0,0,0.0
5m,500,1.0,0.5,0.1,0.005,5,30,high,poc,0.0,0,0,0,0,0.0
5m,500,1.0,0.5,0.1,0.005,5,30,high,wa,0.0,0,0,0,0,0.0
5m,500,1.0,0.25,0.1,0.005,5,40,high,poc,0.0,0,0,0,0,0.0
5m,500,1.0,0.25,0.1,0.005,5,40,high,wa,0.0,0,0,0,0,0.0
5m,500,1.0,0.25,0.1,0.005,5,30,high,poc,0.0,0,0,0,0,0.0
5m,500,1.0,0.25,0.1,0.005,5,30,high,wa,0.0,0,0,0,0,0.0
5m,500,0.5,1.0,0.1,0.005,5,40,high,poc,0.0,0,0,0,0,0.0
5m,500,0.5,1.0,0.1,0.005,5,40,high,wa,0.0,0,0,0,0,0.0
5m,500,0.5,1.0,0.1,0.005,5,30,high,poc,0.0,0,0,0,0,0.0
5m,500,0.5,1.0,0.1,0.005,5,30,high,wa,0.0,0,0,0,0,0.0
5m,500,0.5,0.5,0.1,0.005,5,40,high,poc,0.0,0,0,0,0,0.0
5m,500,0.5,0.5,0.1,0.005,5,40,high,wa,0.0,0,0,0,0,0.0
5m,500,0.5,0.5,0.1,0.005,5,30,high,poc,0.0,0,0,0,0,0.0
5m,500,0.5,0.5,0.1,0.005,5,30,high,wa,0.0,0,0,0,0,0.0
5m,500,0.5,0.25,0.1,0.005,5,40,high,poc,0.0,0,0,0,0,0.0
5m,500,0.5,0.25,0.1,0.005,5,40,high,wa,0.0,0,0,0,0,0.0
5m,500,0.5,0.25,0.1,0.005,5,30,high,poc,0.0,0,0,0,0,0.0
5m,500,0.5,0.25,0.1,0.005,5,30,high,wa,0.0,0,0,0,0,0.0
5m,500,2.0,1.0,0.1,0.01,5,40,high,poc,0.0,0,0,0,0,0.0
5m,500,2.0,1.0,0.1,0.01,5,40,high,wa,0.0,0,0,0,0,0.0
5m,500,2.0,1.0,0.1,0.01,5,30,high,poc,0.0,0,0,0,0,0.0
5m,500,2.0,1.0,0.1,0.01,5,30,high,wa,0.0,0,0,0,0,0.0
5m,500,2.0,0.5,0.1,0.01,5,40,high,poc,0.0,0,0,0,0,0.0
5m,500,2.0,0.5,0.1,0.01,5,40,high,wa,0.0,0,0,0,0,0.0
5m,500,2.0,0.5,0.1,0.01,5,30,high,poc,0.0,0,0,0,0,0.0
5m,500,2.0,0.5,0.1,0.01,5,30,high,wa,0.0,0,0,0,0,0.0
5m,500,2.0,0.25,0.1,0.01,5,40,high,poc,0.0,0,0,0,0,0.0
5m,500,2.0,0.25,0.1,0.01,5,40,high,wa,0.0,0,0,0,0,0.0
5m,500,2.0,0.25,0.1,0.01,5,30,high,poc,0.0,0,0,0,0,0.0
5m,500,2.0,0.25,0.1,0.01,5,30,high,wa,0.0,0,0,0,0,0.0
5m,500,1.0,1.0,0.1,0.01,5,40,high,poc,0.0,0,0,0,0,0.0
5m,500,1.0,1.0,0.1,0.01,5,40,high,wa,0.0,0,0,0,0,0.0
5m,500,1.0,1.0,0.1,0.01,5,30,high,poc,0.0,0,0,0,0,0.0
5m,500,1.0,1.0,0.1,0.01,5,30,high,wa,0.0,0,0,0,0,0.0
5m,500,1.0,0.5,0.1,0.01,5,40,high,poc,0.0,0,0,0,0,0.0
5m,500,1.0,0.5,0.1,0.01,5,40,high,wa,0.0,0,0,0,0,0.0
5m,500,1.0,0.5,0.1,0.01,5,30,high,poc,0.0,0,0,0,0,0.0
5m,500,1.0,0.5,0.1,0.01,5,30,high,wa,0.0,0,0,0,0,0.0
5m,500,1.0,0.25,0.1,0.01,5,40,high,poc,0.0,0,0,0,0,0.0
5m,500,1.0,0.25,0.1,0.01,5,40,high,wa,0.0,0,0,0,0,0.0
5m,500,1.0,0.25,0.1,0.01,5,30,high,poc,0.0,0,0,0,0,0.0
5m,500,1.0,0.25,0.1,0.01,5,30,high,wa,0.0,0,0,0,0,0.0
5m,500,0.5,1.0,0.1,0.01,5,40,high,poc,0.0,0,0,0,0,0.0
5m,500,0.5,1.0,0.1,0.01,5,40,high,wa,0.0,0,0,0,0,0.0
5m,500,0.5,1.0,0.1,0.01,5,30,high,poc,0.0,0,0,0,0,0.0
5m,500,0.5,1.0,0.1,0.01,5,30,high,wa,0.0,0,0,0,0,0.0
5m,500,0.5,0.5,0.1,0.01,5,40,high,poc,0.0,0,0,0,0,0.0
5m,500,0.5,0.5,0.1,0.01,5,40,high,wa,0.0,0,0,0,0,0.0
5m,500,0.5,0.5,0.1,0.01,5,30,high,poc,0.0,0,0,0,0,0.0
5m,500,0.5,0.5,0.1,0.01,5,30,high,wa,0.0,0,0,0,0,0.0
5m,500,0.5,0.25,0.1,0.01,5,40,high,poc,0.0,0,0,0,0,0.0
5m,500,0.5,0.25,0.1,0.01,5,40,high,wa,0.0,0,0,0,0,0.0
5m,500,0.5,0.25,0.1,0.01,5,30,high,poc,0.0,0,0,0,0,0.0
5m,500,0.5,0.25,0.1,0.01,5,30,high,wa,0.0,0,0,0,0,0.0
5m,500,2.0,1.0,0.1,0.005,5,40,low,poc,0.0,0,0,0,0,0.0
5m,500,2.0,1.0,0.1,0.005,5,40,low,wa,0.0,0,0,0,0,0.0
5m,500,2.0,1.0,0.1,0.005,5,30,low,poc,0.0,0,0,0,0,0.0
5m,500,2.0,1.0,0.1,0.005,5,30,low,wa,0.0,0,0,0,0,0.0
5m,500,2.0,0.5,0.1,0.005,5,40,low,poc,0.0,0,0,0,0,0.0
5m,500,2.0,0.5,0.1,0.005,5,40,low,wa,0.0,0,0,0,0,0.0
5m,500,2.0,0.5,0.1,0.005,5,30,low,poc,0.0,0,0,0,0,0.0
5m,500,2.0,0.5,0.1,0.005,5,30,low,wa,0.0,0,0,0,0,0.0
5m,500,2.0,0.25,0.1,0.005,5,40,low,poc,0.0,0,0,0,0,0.0
5m,500,2.0,0.25,0.1,0.005,5,40,low,wa,0.0,0,0,0,0,0.0
5m,500,2.0,0.25,0.1,0.005,5,30,low,poc,0.0,0,0,0,0,0.0
5m,500,2.0,0.25,0.1,0.005,5,30,low,wa,0.0,0,0,0,0,0.0
5m,500,1.0,1.0,0.1,0.005,5,40,low,poc,0.0,0,0,0,0,0.0
5m,500,1.0,1.0,0.1,0.005,5,40,low,wa,0.0,0,0,0,0,0.0
5m,500,1.0,1.0,0.1,0.005,5,30,low,poc,0.0,0,0,0,0,0.0
5m,500,1.0,1.0,0.1,0.005,5,30,low,wa,0.0,0,0,0,0,0.0
5m,500,1.0,0.5,0.1,0.005,5,40,low,poc,0.0,0,0,0,0,0.0
5m,500,1.0,0.5,0.1,0.005,5,40,low,wa,0.0,0,0,0,0,0.0
5m,500,1.0,0.5,0.1,0.005,5,30,low,poc,0.0,0,0,0,0,0.0
5m,500,1.0,0.5,0.1,0.005,5,30,low,wa,0.0,0,0,0,0,0.0
5m,500,1.0,0.25,0.1,0.005,5,40,low,poc,0.0,0,0,0,0,0.0
5m,500,1.0,0.25,0.1,0.005,5,40,low,wa,0.0,0,0,0,0,0.0
5m,500,1.0,0.25,0.1,0.005,5,30,low,poc,0.0,0,0,0,0,0.0
5m,500,1.0,0.25,0.1,0.005,5,30,low,wa,0.0,0,0,0,0,0.0
5m,500,0.5,1.0,0.1,0.005,5,40,low,poc,0.0,0,0,0,0,0.0
5m,500,0.5,1.0,0.1,0.005,5,40,low,wa,0.0,0,0,0,0,0.0
5m,500,0.5,1.0,0.1,0.005,5,30,low,poc,0.0,0,0,0,0,0.0
5m,500,0.5,1.0,0.1,0.005,5,30,low,wa,0.0,0,0,0,0,0.0
5m,500,0.5,0.5,0.1,0.005,5,40,low,poc,0.0,0,0,0,0,0.0
5m,500,0.5,0.5,0.1,0.005,5,40,low,wa,0.0,0,0,0,0,0.0
5m,500,0.5,0.5,0.1,0.005,5,30,low,poc,0.0,0,0,0,0,0.0
5m,500,0.5,0.5,0.1,0.005,5,30,low,wa,0.0,0,0,0,0,0.0
5m,500,0.5,0.25,0.1,0.005,5,40,low,poc,0.0,0,0,0,0,0.0
5m,500,0.5,0.25,0.1,0.005,5,40,low,wa,0.0,0,0,0,0,0.0
5m,500,0.5,0.25,0.1,0.005,5,30,low,poc,0.0,0,0,0,0,0.0
5m,500,0.5,0.25,0.1,0.005,5,30,low,wa,0.0,0,0,0,0,0.0
5m,500,2.0,1.0,0.1,0.01,5,40,low,poc,0.0,0,0,0,0,0.0
5m,500,2.0,1.0,0.1,0.01,5,40,low,wa,0.0,0,0,0,0,0.0
5m,500,2.0,1.0,0.1,0.01,5,30,low,poc,0.0,0,0,0,0,0.0
5m,500,2.0,1.0,0.1,0.01,5,30,low,wa,0.0,0,0,0,0,0.0
5m,500,2.0,0.5,0.1,0.01,5,40,low,poc,0.0,0,0,0,0,0.0
5m,500,2.0,0.5,0.1,0.01,5,40,low,wa,0.0,0,0,0,0,0.0
5m,500,2.0,0.5,0.1,0.01,5,30,low,poc,0.0,0,0,0,0,0.0
5m,500,2.0,0.5,0.1,0.01,5,30,low,wa,0.0,0,0,0,0,0.0
5m,500,2.0,0.25,0.1,0.01,5,40,low,poc,0.0,0,0,0,0,0.0
5m,500,2.0,0.25,0.1,0.01,5,40,low,wa,0.0,0,0,0,0,0.0
5m,500,2.0,0.25,0.1,0.01,5,30,low,poc,0.0,0,0,0,0,0.0
5m,500,2.0,0.25,0.1,0.01,5,30,low,wa,0.0,0,0,0,0,0.0
5m,500,1.0,1.0,0.1,0.01,5,40,low,poc,0.0,0,0,0,0,0.0
5m,500,1.0,1.0,0.1,0.01,5,40,low,wa,0.0,0,0,0,0,0.0
5m,500,1.0,1.0,0.1,0.01,5,30,low,poc,0.0,0,0,0,0,0.0
5m,500,1.0,1.0,0.1,0.01,5,30,low,wa,0.0,0,0,0,0,0.0
5m,500,1.0,0.5,0.1,0.01,5,40,low,poc,0.0,0,0,0,0,0.0
5m,500,1.0,0.5,0.1,0.01,5,40,low,wa,0.0,0,0,0,0,0.0
5m,500,1.0,0.5,0.1,0.01,5,30,low,poc,0.0,0,0,0,0,0.0
5m,500,1.0,0.5,0.1,0.01,5,30,low,wa,0.0,0,0,0,0,0.0
5m,500,1.0,0.25,0.1,0.01,5,40,low,poc,0.0,0,0,0,0,0.0
5m,500,1.0,0.25,0.1,0.01,5,40,low,wa,0.0,0,0,0,0,0.0
5m,500,1.0,0.25,0.1,0.01,5,30,low,poc,0.0,0,0,0,0,0.0
5m,500,1.0,0.25,0.1,0.01,5,30,low,wa,0.0,0,0,0,0,0.0
5m,500,0.5,1.0,0.1,0.01,5,40,low,poc,0.0,0,0,0,0,0.0
5m,500,0.5,1.0,0.1,0.01,5,40,low,wa,0.0,0,0,0,0,0.0
5m,500,0.5,1.0,0.1,0.01,5,30,low,poc,0.0,0,0,0,0,0.0
5m,500,0.5,1.0,0.1,0.01,5,30,low,wa,0.0,0,0,0,0,0.0
5m,500,0.5,0.5,0.1,0.01,5,40,low,poc,0.0,0,0,0,0,0.0
5m,500,0.5,0.5,0.1,0.01,5,40,low,wa,0.0,0,0,0,0,0.0
5m,500,0.5,0.5,0.1,0.01,5,30,low,poc,0.0,0,0,0,0,0.0
5m,500,0.5,0.5,0.1,0.01,5,30,low,wa,0.0,0,0,0,0,0.0
5m,500,0.5,0.25,0.1,0.01,5,40,low,poc,0.0,0,0,0,0,0.0
5m,500,0.5,0.25,0.1,0.01,5,40,low,wa,0.0,0,0,0,0,0.0
5m,500,0.5,0.25,0.1,0.01,5,30,low,poc,0.0,0,0,0,0,0.0
5m,500,0.5,0.25,0.1,0.01,5,30,low,wa,0.0,0,0,0,0,0.0
5m,500,2.0,1.0,0.1,0.005,6,40,high,poc,0.0,0,0,0,0,0.0
5m,500,2.0,1.0,0.1,0.005,6,40,high,wa,0.0,0,0,0,0,0.0
5m,500,2.0,1.0,0.1,0.005,6,30,high,poc,0.0,0,0,0,0,0.0
5m,500,2.0,1.0,0.1,0.005,6,30,high,wa,0.0,0,0,0,0,0.0
5m,500,2.0,0.5,0.1,0.005,6,40,high,poc,0.0,0,0,0,0,0.0
5m,500,2.0,0.5,0.1,0.005,6,40,high,wa,0.0,0,0,0,0,0.0
5m,500,2.0,0.5,0.1,0.005,6,30,high,poc,0.0,0,0,0,0,0.0
5m,500,2.0,0.5,0.1,0.005,6,30,high,wa,0.0,0,0,0,0,0.0
5m,500,2.0,0.25,0.1,0.005,6,40,high,poc,0.0,0,0,0,0,0.0
5m,500,2.0,0.25,0.1,0.005,6,40,high,wa,0.0,0,0,0,0,0.0
5m,500,2.0,0.25,0.1,0.005,6,30,high,poc,0.0,0,0,0,0,0.0
5m,500,2.0,0.25,0.1,0.005,6,30,high,wa,0.0,0,0,0,0,0.0
5m,500,1.0,1.0,0.1,0.005,6,40,high,poc,0.0,0,0,0,0,0.0
5m,500,1.0,1.0,0.1,0.005,6,40,high,wa,0.0,0,0,0,0,0.0
5m,500,1.0,1.0,0.1,0.005,6,30,high,poc,0.0,0,0,0,0,0.0
5m,500,1.0,1.0,0.1,0.005,6,30,high,wa,0.0,0,0,0,0,0.0
5m,500,1.0,0.5,0.1,0.005,6,40,high,poc,0.0,0,0,0,0,0.0
5m,500,1.0,0.5,0.1,0.005,6,40,high,wa,0.0,0,0,0,0,0.0
5m,500,1.0,0.5,0.1,0.005,6,30,high,poc,0.0,0,0,0,0,0.0
5m,500,1.0,0.5,0.1,0.005,6,30,high,wa,0.0,0,0,0,0,0.0
5m,500,1.0,0.25,0.1,0.005,6,40,high,poc,0.0,0,0,0,0,0.0
5m,500,1.0,0.25,0.1,0.005,6,40,high,wa,0.0,0,0,0,0,0.0
5m,500,1.0,0.25,0.1,0.005,6,30,high,poc,0.0,0,0,0,0,0.0
5m,500,1.0,0.25,0.1,0.005,6,30,high,wa,0.0,0,0,0,0,0.0
5m,500,0.5,1.0,0.1,0.005,6,40,high,poc,0.0,0,0,0,0,0.0
5m,500,0.5,1.0,0.1,0.005,6,40,high,wa,0.0,0,0,0,0,0.0
5m,500,0.5,1.0,0.1,0.005,6,30,high,poc,0.0,0,0,0,0,0.0
5m,500,0.5,1.0,0.1,0.005,6,30,high,wa,0.0,0,0,0,0,0.0
5m,500,0.5,0.5,0.1,0.005,6,40,high,poc,0.0,0,0,0,0,0.0
5m,500,0.5,0.5,0.1,0.005,6,40,high,wa,0.0,0,0,0,0,0.0
5m,500,0.5,0.5,0.1,0.005,6,30,high,poc,0.0,0,0,0,0,0.0
5m,500,0.5,0.5,0.1,0.005,6,30,high,wa,0.0,0,0,0,0,0.0
5m,500,0.5,0.25,0.1,0.005,6,40,high,poc,0.0,0,0,0,0,0.0
5m,500,0.5,0.25,0.1,0.005,6,40,high,wa,0.0,0,0,0,0,0.0
5m,500,0.5,0.25,0.1,0.005,6,30,high,poc,0.0,0,0,0,0,0.0
5m,500,0.5,0.25,0.1,0.005,6,30,high,wa,0.0,0,0,0,0,0.0
5m,500,2.0,1.0,0.1,0.01,6,40,high,poc,0.0,0,0,0,0,0.0
5m,500,2.0,1.0,0.1,0.01,6,40,high,wa,0.0,0,0,0,0,0.0
5m,500,2.0,1.0,0.1,0.01,6,30,high,poc,0.0,0,0,0,0,0.0
5m,500,2.0,1.0,0.1,0.01,6,30,high,wa,0.0,0,0,0,0,0.0
5m,500,2.0,0.5,0.1,0.01,6,40,high,poc,0.0,0,0,0,0,0.0
5m,500,2.0,0.5,0.1,0.01,6,40,high,wa,0.0,0,0,0,0,0.0
5m,500,2.0,0.5,0.1,0.01,6,30,high,poc,0.0,0,0,0,0,0.0
5m,500,2.0,0.5,0.1,0.01,6,30,high,wa,0.0,0,0,0,0,0.0
5m,500,2.0,0.25,0.1,0.01,6,40,high,poc,0.0,0,0,0,0,0.0
5m,500,2.0,0.25,0.1,0.01,6,40,high,wa,0.0,0,0,0,0,0.0
5m,500,2.0,0.25,0.1,0.01,6,30,high,poc,0.0,0,0,0,0,0.0
5m,500,2.0,0.25,0.1,0.01,6,30,high,wa,0.0,0,0,0,0,0.0
5m,500,1.0,1.0,0.1,0.01,6,40,high,poc,0.0,0,0,0,0,0.0
5m,500,1.0,1.0,0.1,0.01,6,40,high,wa,0.0,0,0,0,0,0.0
5m,500,1.0,1.0,0.1,0.01,6,30,high,poc,0.0,0,0,0,0,0.0
5m,500,1.0,1.0,0.1,0.01,6,30,high,wa,0.0,0,0,0,0,0.0
5m,500,1.0,0.5,0.1,0.01,6,40,high,poc,0.0,0,0,0,0,0.0
5m,500,1.0,0.5,0.1,0.01,6,40,high,wa,0.0,0,0,0,0,0.0
5m,500,1.0,0.5,0.1,0.01,6,30,high,poc,0.0,0,0,0,0,0.0
5m,500,1.0,0.5,0.1,0.01,6,30,high,wa,0.0,0,0,0,0,0.0
5m,500,1.0,0.25,0.1,0.01,6,40,high,poc,0.0,0,0,0,0,0.0
5m,500,1.0,0.25,0.1,0.01,6,40,high,wa,0.0,0,0,0,0,0.0
5m,500,1.0,0.25,0.1,0.01,6,30,high,poc,0.0,0,0,0,0,0.0
5m,500,1.0,0.25,0.1,0.01,6,30,high,wa,0.0,0,0,0,0,0.0
5m,500,0.5,1.0,0.1,0.01,6,40,high,poc,0.0,0,0,0,0,0.0
5m,500,0.5,1.0,0.1,0.01,6,40,high,wa,0.0,0,0,0,0,0.0
5m,500,0.5,1.0,0.1,0.01,6,30,high,poc,0.0,0,0,0,0,0.0
5m,500,0.5,1.0,0.1,0.01,6,30,high,wa,0.0,0,0,0,0,0.0
5m,500,0.5,0.5,0.1,0.01,6,40,high,poc,0.0,0,0,0,0,0.0
5m,500,0.5,0.5,0.1,0.01,6,40,high,wa,0.0,0,0,0,0,0.0
5m,500,0.5,0.5,0.1,0.01,6,30,high,poc,0.0,0,0,0,0,0.0
5m,500,0.5,0.5,0.1,0.01,6,30,high,wa,0.0,0,0,0,0,0.0
5m,500,0.5,0.25,0.1,0.01,6,40,high,poc,0.0,0,0,0,0,0.0
5m,500,0.5,0.25,0.1,0.01,6,40,high,wa,0.0,0,0,0,0,0.0
5m,500,0.5,0.25,0.1,0.01,6,30,high,poc,0.0,0,0,0,0,0.0
5m,500,0.5,0.25,0.1,0.01,6,30,high,wa,0.0,0,0,0,0,0.0
5m,500,2.0,1.0,0.1,0.005,6,40,low,poc,0.0,0,0,0,0,0.0
5m,500,2.0,1.0,0.1,0.005,6,40,low,wa,0.0,0,0,0,0,0.0
5m,500,2.0,1.0,0.1,0.005,6,30,low,poc,0.0,0,0,0,0,0.0
5m,500,2.0,1.0,0.1,0.005,6,30,low,wa,0.0,0,0,0,0,0.0
5m,500,2.0,0.5,0.1,0.005,6,40,low,poc,0.0,0,0,0,0,0.0
5m,500,2.0,0.5,0.1,0.005,6,40,low,wa,0.0,0,0,0,0,0.0
5m,500,2.0,0.5,0.1,0.005,6,30,low,poc,0.0,0,0,0,0,0.0
5m,500,2.0,0.5,0.1,0.005,6,30,low,wa,0.0,0,0,0,0,0.0
5m,500,2.0,0.25,0.1,0.005,6,40,low,poc,0.0,0,0,0,0,0.0
5m,500,2.0,0.25,0.1,0.005,6,40,low,wa,0.0,0,0,0,0,0.0
5m,500,2.0,0.25,0.1,0.005,6,30,low,poc,0.0,0,0,0,0,0.0
5m,500,2.0,0.25,0.1,0.005,6,30,low,wa,0.0,0,0,0,0,0.0
5m,500,1.0,1.0,0.1,0.005,6,40,low,poc,0.0,0,0,0,0,0.0
5m,500,1.0,1.0,0.1,0.005,6,40,low,wa,0.0,0,0,0,0,0.0
5m,500,1.0,1.0,0.1,0.005,6,30,low,poc,0.0,0,0,0,0,0.0
5m,500,1.0,1.0,0.1,0.005,6,30,low,wa,0.0,0,0,0,0,0.0
5m,500,1.0,0.5,0.1,0.005,6,40,low,poc,0.0,0,0,0,0,0.0
5m,500,1.0,0.5,0.1,0.005,6,40,low,wa,0.0,0,0,0,0,0.0
5m,500,1.0,0.5,0.1,0.005,6,30,low,poc,0.0,0,0,0,0,0.0
5m,500,1.0,0.5,0.1,0.005,6,30,low,wa,0.0,0,0,0,0,0.0
5m,500,1.0,0.25,0.1,0.005,6,40,low,poc,0.0,0,0,0,0,0.0
5m,500,1.0,0.25,0.1,0.005,6,40,low,wa,0.0,0,0,0,0,0.0
5m,500,1.0,0.25,0.1,0.005,6,30,low,poc,0.0,0,0,0,0,0.0
5m,500,1.0,0.25,0.1,0.005,6,30,low,wa,0.0,0,0,0,0,0.0
5m,500,0.5,1.0,0.1,0.005,6,40,low,poc,0.0,0,0,0,0,0.0
5m,500,0.5,1.0,0.1,0.005,6,40,low,wa,0.0,0,0,0,0,0.0
5m,500,0.5,1.0,0.1,0.005,6,30,low,poc,0.0,0,0,0,0,0.0
5m,500,0.5,1.0,0.1,0.005,6,30,low,wa,0.0,0,0,0,0,0.0
5m,500,0.5,0.5,0.1,0.005,6,40,low,poc,0.0,0,0,0,0,0.0
5m,500,0.5,0.5,0.1,0.005,6,40,low,wa,0.0,0,0,0,0,0.0
5m,500,0.5,0.5,0.1,0.005,6,30,low,poc,0.0,0,0,0,0,0.0
5m,500,0.5,0.5,0.1,0.005,6,30,low,wa,0.0,0,0,0,0,0.0
5m,500,0.5,0.25,0.1,0.005,6,40,low,poc,0.0,0,0,0,0,0.0
5m,500,0.5,0.25,0.1,0.005,6,40,low,wa,0.0,0,0,0,0,0.0
5m,500,0.5,0.25,0.1,0.005,6,30,low,poc,0.0,0,0,0,0,0.0
5m,500,0.5,0.25,0.1,0.005,6,30,low,wa,0.0,0,0,0,0,0.0
5m,500,2.0,1.0,0.1,0.01,6,40,low,poc,0.0,0,0,0,0,0.0
5m,500,2.0,1.0,0.1,0.01,6,40,low,wa,0.0,0,0,0,0,0.0
5m,500,2.0,1.0,0.1,0.01,6,30,low,poc,0.0,0,0,0,0,0.0
5m,500,2.0,1.0,0.1,0.01,6,30,low,wa,0.0,0,0,0,0,0.0
5m,500,2.0,0.5,0.1,0.01,6,40,low,poc,0.0,0,0,0,0,0.0
5m,500,2.0,0.5,0.1,0.01,6,40,low,wa,0.0,0,0,0,0,0.0
5m,500,2.0,0.5,0.1,0.01,6,30,low,poc,0.0,0,0,0,0,0.0
5m,500,2.0,0.5,0.1,0.01,6,30,low,wa,0.0,0,0,0,0,0.0
5m,500,2.0,0.25,0.1,0.01,6,40,low,poc,0.0,0,0,0,0,0.0
5m,500,2.0,0.25,0.1,0.01,6,40,low,wa,0.0,0,0,0,0,0.0
5m,500,2.0,0.25,0.1,0.01,6,30,low,poc,0.0,0,0,0,0,0.0
5m,500,2.0,0.25,0.1,0.01,6,30,low,wa,0.0,0,0,0,0,0.0
5m,500,1.0,1.0,0.1,0.01,6,40,low,poc,0.0,0,0,0,0,0.0
5m,500,1.0,1.0,0.1,0.01,6,40,low,wa,0.0,0,0,0,0,0.0
5m,500,1.0,1.0,0.1,0.01,6,30,low,poc,0.0,0,0,0,0,0.0
5m,500,1.0,1.0,0.1,0.01,6,30,low,wa,0.0,0,0,0,0,0.0
5m,500,1.0,0.5,0.1,0.01,6,40,low,poc,0.0,0,0,0,0,0.0
5m,500,1.0,0.5,0.1,0.01,6,40,low,wa,0.0,0,0,0,0,0.0
5m,500,1.0,0.5,0.1,0.01,6,30,low,poc,0.0,0,0,0,0,0.0
5m,500,1.0,0.5,0.1,0.01,6,30,low,wa,0.0,0,0,0,0,0.0
5m,500,1.0,0.25,0.1,0.01,6,40,low,poc,0.0,0,0,0,0,0.0
5m,500,1.0,0.25,0.1,0.01,6,40,low,wa,0.0,0,0,0,0,0.0
5m,500,1.0,0.25,0.1,0.01,6,30,low,poc,0.0,0,0,0,0,0.0
5m,500,1.0,0.25,0.1,0.01,6,30,low,wa,0.0,0,0,0,0,0.0
5m,500,0.5,1.0,0.1,0.01,6,40,low,poc,0.0,0,0,0,0,0.0
5m,500,0.5,1.0,0.1,0.01,6,40,low,wa,0.0,0,0,0,0,0.0
5m,500,0.5,1.0,0.1,0.01,6,30,low,poc,0.0,0,0,0,0,0.0
5m,500,0.5,1.0,0.1,0.01,6,30,low,wa,0.0,0,0,0,0,0.0
5m,500,0.5,0.5,0.1,0.01,6,40,low,poc,0.0,0,0,0,0,0.0
5m,500,0.5,0.5,0.1,0.01,6,40,low,wa,0.0,0,0,0,0,0.0
5m,500,0.5,0.5,0.1,0.01,6,30,low,poc,0.0,0,0,0,0,0.0
5m,500,0.5,0.5,0.1,0.01,6,30,low,wa,0.0,0,0,0,0,0.0
5m,500,0.5,0.25,0.1,0.01,6,40,low,poc,0.0,0,0,0,0,0.0
5m,500,0.5,0.25,0.1,0.01,6,40,low,wa,0.0,0,0,0,0,0.0
5m,500,0.5,0.25,0.1,0.01,6,30,low,poc,0.0,0,0,0,0,0.0
5m,500,0.5,0.25,0.1,0.01,6,30,low,wa,0.0,0,0,0,0,0.0
